2025-10-24 13:09:38.556 WARN  [HikariPool-1:housekeeper] com.zaxxer.hikari.pool.HikariPool - HikariPool-1 - Thread starvation or clock leap detected (housekeeper delta=18h47m36s432ms597µs500ns).
2025-10-24 13:12:00.115 INFO  [http-nio-8081-exec-176] o.a.tomcat.util.http.parser.Cookie - A cookie header was received [${jndi:dns://MDEDiscovery2d7ebdf2dfCookie-8081}] that contained an invalid cookie. That cookie will be ignored.
 Note: further occurrences of this error will be logged at DEBUG level.
2025-10-24 13:12:00.275 DEBUG [http-nio-8081-exec-209] o.s.security.web.FilterChainProxy - Securing GET /:undefined
2025-10-24 13:12:00.275 DEBUG [http-nio-8081-exec-212] o.s.security.web.FilterChainProxy - Securing GET /:undefined
2025-10-24 13:12:00.276 DEBUG [http-nio-8081-exec-206] o.s.security.web.FilterChainProxy - Securing GET /struts2-showcase/struts/domTT.js
2025-10-24 13:12:00.276 DEBUG [http-nio-8081-exec-51] o.s.security.web.FilterChainProxy - Securing GET /:undefined
2025-10-24 13:12:00.275 DEBUG [http-nio-8081-exec-71] o.s.security.web.FilterChainProxy - Securing GET /:undefined
2025-10-24 13:12:00.276 DEBUG [http-nio-8081-exec-176] o.s.security.web.FilterChainProxy - Securing GET /
2025-10-24 13:12:00.276 DEBUG [http-nio-8081-exec-1] o.s.security.web.FilterChainProxy - Securing GET /:undefined
2025-10-24 13:12:00.276 DEBUG [http-nio-8081-exec-97] o.s.security.web.FilterChainProxy - Securing GET /
2025-10-24 13:12:00.275 DEBUG [http-nio-8081-exec-211] o.s.security.web.FilterChainProxy - Securing GET /struts2-showcase/struts/inputtransfersselect.js
2025-10-24 13:12:00.276 DEBUG [http-nio-8081-exec-93] o.s.security.web.FilterChainProxy - Securing GET /struts2-showcase/struts/tooltip.gif
2025-10-24 13:12:00.276 DEBUG [http-nio-8081-exec-160] o.s.security.web.FilterChainProxy - Securing GET /
2025-10-24 13:12:00.276 DEBUG [http-nio-8081-exec-10] o.s.security.web.FilterChainProxy - Securing GET /
2025-10-24 13:12:00.276 DEBUG [http-nio-8081-exec-202] o.s.security.web.FilterChainProxy - Securing GET /struts2-showcase/struts/domtt.css
2025-10-24 13:12:00.276 DEBUG [http-nio-8081-exec-38] o.s.security.web.FilterChainProxy - Securing GET /:undefined
2025-10-24 13:12:00.275 DEBUG [http-nio-8081-exec-175] o.s.security.web.FilterChainProxy - Securing GET /struts2-showcase/struts/utils.js
2025-10-24 13:12:00.275 DEBUG [http-nio-8081-exec-207] o.s.security.web.FilterChainProxy - Securing GET /:undefined
2025-10-24 13:12:00.275 DEBUG [http-nio-8081-exec-215] o.s.security.web.FilterChainProxy - Securing GET /
2025-10-24 13:12:00.275 DEBUG [http-nio-8081-exec-208] o.s.security.web.FilterChainProxy - Securing GET /:undefined
2025-10-24 13:12:00.276 DEBUG [http-nio-8081-exec-213] o.s.security.web.FilterChainProxy - Securing GET /
2025-10-24 13:12:00.275 DEBUG [http-nio-8081-exec-210] o.s.security.web.FilterChainProxy - Securing GET /
2025-10-24 13:12:00.275 DEBUG [http-nio-8081-exec-205] o.s.security.web.FilterChainProxy - Securing GET /
2025-10-24 13:12:00.275 DEBUG [http-nio-8081-exec-203] o.s.security.web.FilterChainProxy - Securing GET /
2025-10-24 13:12:00.275 DEBUG [http-nio-8081-exec-201] o.s.security.web.FilterChainProxy - Securing GET /
2025-10-24 13:12:00.275 DEBUG [http-nio-8081-exec-204] o.s.security.web.FilterChainProxy - Securing GET /
2025-10-24 13:12:00.279 DEBUG [http-nio-8081-exec-214] o.s.security.web.FilterChainProxy - Securing GET /:undefined
2025-10-24 13:12:00.291 DEBUG [http-nio-8081-exec-219] o.s.security.web.FilterChainProxy - Securing GET /:undefined
2025-10-24 13:12:00.292 DEBUG [http-nio-8081-exec-218] o.s.security.web.FilterChainProxy - Securing GET /
2025-10-24 13:12:00.298 DEBUG [http-nio-8081-exec-219] u.s.security.JwtAuthenticationFilter - No Authorization header or invalid format, proceeding without authentication
2025-10-24 13:12:00.298 DEBUG [http-nio-8081-exec-176] u.s.security.JwtAuthenticationFilter - No Authorization header or invalid format, proceeding without authentication
2025-10-24 13:12:00.298 DEBUG [http-nio-8081-exec-51] u.s.security.JwtAuthenticationFilter - No Authorization header or invalid format, proceeding without authentication
2025-10-24 13:12:00.298 DEBUG [http-nio-8081-exec-175] u.s.security.JwtAuthenticationFilter - No Authorization header or invalid format, proceeding without authentication
2025-10-24 13:12:00.298 DEBUG [http-nio-8081-exec-203] u.s.security.JwtAuthenticationFilter - No Authorization header or invalid format, proceeding without authentication
2025-10-24 13:12:00.298 DEBUG [http-nio-8081-exec-210] u.s.security.JwtAuthenticationFilter - No Authorization header or invalid format, proceeding without authentication
2025-10-24 13:12:00.298 DEBUG [http-nio-8081-exec-10] u.s.security.JwtAuthenticationFilter - No Authorization header or invalid format, proceeding without authentication
2025-10-24 13:12:00.298 DEBUG [http-nio-8081-exec-201] u.s.security.JwtAuthenticationFilter - No Authorization header or invalid format, proceeding without authentication
2025-10-24 13:12:00.298 DEBUG [http-nio-8081-exec-206] u.s.security.JwtAuthenticationFilter - No Authorization header or invalid format, proceeding without authentication
2025-10-24 13:12:00.298 DEBUG [http-nio-8081-exec-215] u.s.security.JwtAuthenticationFilter - No Authorization header or invalid format, proceeding without authentication
2025-10-24 13:12:00.298 DEBUG [http-nio-8081-exec-202] u.s.security.JwtAuthenticationFilter - No Authorization header or invalid format, proceeding without authentication
2025-10-24 13:12:00.298 DEBUG [http-nio-8081-exec-211] u.s.security.JwtAuthenticationFilter - No Authorization header or invalid format, proceeding without authentication
2025-10-24 13:12:00.298 DEBUG [http-nio-8081-exec-207] u.s.security.JwtAuthenticationFilter - No Authorization header or invalid format, proceeding without authentication
2025-10-24 13:12:00.298 DEBUG [http-nio-8081-exec-93] u.s.security.JwtAuthenticationFilter - No Authorization header or invalid format, proceeding without authentication
2025-10-24 13:12:00.298 DEBUG [http-nio-8081-exec-71] u.s.security.JwtAuthenticationFilter - No Authorization header or invalid format, proceeding without authentication
2025-10-24 13:12:00.298 DEBUG [http-nio-8081-exec-212] u.s.security.JwtAuthenticationFilter - No Authorization header or invalid format, proceeding without authentication
2025-10-24 13:12:00.298 DEBUG [http-nio-8081-exec-160] u.s.security.JwtAuthenticationFilter - No Authorization header or invalid format, proceeding without authentication
2025-10-24 13:12:00.298 DEBUG [http-nio-8081-exec-208] u.s.security.JwtAuthenticationFilter - No Authorization header or invalid format, proceeding without authentication
2025-10-24 13:12:00.298 DEBUG [http-nio-8081-exec-209] u.s.security.JwtAuthenticationFilter - No Authorization header or invalid format, proceeding without authentication
2025-10-24 13:12:00.298 DEBUG [http-nio-8081-exec-205] u.s.security.JwtAuthenticationFilter - No Authorization header or invalid format, proceeding without authentication
2025-10-24 13:12:00.298 DEBUG [http-nio-8081-exec-97] u.s.security.JwtAuthenticationFilter - No Authorization header or invalid format, proceeding without authentication
2025-10-24 13:12:00.298 DEBUG [http-nio-8081-exec-213] u.s.security.JwtAuthenticationFilter - No Authorization header or invalid format, proceeding without authentication
2025-10-24 13:12:00.298 DEBUG [http-nio-8081-exec-204] u.s.security.JwtAuthenticationFilter - No Authorization header or invalid format, proceeding without authentication
2025-10-24 13:12:00.298 DEBUG [http-nio-8081-exec-38] u.s.security.JwtAuthenticationFilter - No Authorization header or invalid format, proceeding without authentication
2025-10-24 13:12:00.298 DEBUG [http-nio-8081-exec-1] u.s.security.JwtAuthenticationFilter - No Authorization header or invalid format, proceeding without authentication
2025-10-24 13:12:00.301 DEBUG [http-nio-8081-exec-218] u.s.security.JwtAuthenticationFilter - No Authorization header or invalid format, proceeding without authentication
2025-10-24 13:12:00.302 DEBUG [http-nio-8081-exec-216] o.s.security.web.FilterChainProxy - Securing GET /struts2-showcase/struts/optiontransferselect.js
2025-10-24 13:12:00.308 DEBUG [http-nio-8081-exec-216] u.s.security.JwtAuthenticationFilter - No Authorization header or invalid format, proceeding without authentication
2025-10-24 13:12:00.303 DEBUG [http-nio-8081-exec-214] u.s.security.JwtAuthenticationFilter - No Authorization header or invalid format, proceeding without authentication
2025-10-24 13:12:00.311 DEBUG [http-nio-8081-exec-38] o.s.s.w.a.AnonymousAuthenticationFilter - Set SecurityContextHolder to anonymous SecurityContext
2025-10-24 13:12:00.311 DEBUG [http-nio-8081-exec-204] o.s.s.w.a.AnonymousAuthenticationFilter - Set SecurityContextHolder to anonymous SecurityContext
2025-10-24 13:12:00.311 DEBUG [http-nio-8081-exec-212] o.s.s.w.a.AnonymousAuthenticationFilter - Set SecurityContextHolder to anonymous SecurityContext
2025-10-24 13:12:00.311 DEBUG [http-nio-8081-exec-201] o.s.s.w.a.AnonymousAuthenticationFilter - Set SecurityContextHolder to anonymous SecurityContext
2025-10-24 13:12:00.311 DEBUG [http-nio-8081-exec-208] o.s.s.w.a.AnonymousAuthenticationFilter - Set SecurityContextHolder to anonymous SecurityContext
2025-10-24 13:12:00.311 DEBUG [http-nio-8081-exec-205] o.s.s.w.a.AnonymousAuthenticationFilter - Set SecurityContextHolder to anonymous SecurityContext
2025-10-24 13:12:00.311 DEBUG [http-nio-8081-exec-209] o.s.s.w.a.AnonymousAuthenticationFilter - Set SecurityContextHolder to anonymous SecurityContext
2025-10-24 13:12:00.311 DEBUG [http-nio-8081-exec-213] o.s.s.w.a.AnonymousAuthenticationFilter - Set SecurityContextHolder to anonymous SecurityContext
2025-10-24 13:12:00.311 DEBUG [http-nio-8081-exec-219] o.s.s.w.a.AnonymousAuthenticationFilter - Set SecurityContextHolder to anonymous SecurityContext
2025-10-24 13:12:00.311 DEBUG [http-nio-8081-exec-216] o.s.s.w.a.AnonymousAuthenticationFilter - Set SecurityContextHolder to anonymous SecurityContext
2025-10-24 13:12:00.311 DEBUG [http-nio-8081-exec-202] o.s.s.w.a.AnonymousAuthenticationFilter - Set SecurityContextHolder to anonymous SecurityContext
2025-10-24 13:12:00.312 DEBUG [http-nio-8081-exec-93] o.s.s.w.a.AnonymousAuthenticationFilter - Set SecurityContextHolder to anonymous SecurityContext
2025-10-24 13:12:00.312 DEBUG [http-nio-8081-exec-71] o.s.s.w.a.AnonymousAuthenticationFilter - Set SecurityContextHolder to anonymous SecurityContext
2025-10-24 13:12:00.312 DEBUG [http-nio-8081-exec-207] o.s.s.w.a.AnonymousAuthenticationFilter - Set SecurityContextHolder to anonymous SecurityContext
2025-10-24 13:12:00.312 DEBUG [http-nio-8081-exec-206] o.s.s.w.a.AnonymousAuthenticationFilter - Set SecurityContextHolder to anonymous SecurityContext
2025-10-24 13:12:00.312 DEBUG [http-nio-8081-exec-211] o.s.s.w.a.AnonymousAuthenticationFilter - Set SecurityContextHolder to anonymous SecurityContext
2025-10-24 13:12:00.312 DEBUG [http-nio-8081-exec-215] o.s.s.w.a.AnonymousAuthenticationFilter - Set SecurityContextHolder to anonymous SecurityContext
2025-10-24 13:12:00.312 DEBUG [http-nio-8081-exec-160] o.s.s.w.a.AnonymousAuthenticationFilter - Set SecurityContextHolder to anonymous SecurityContext
2025-10-24 13:12:00.311 DEBUG [http-nio-8081-exec-1] o.s.s.w.a.AnonymousAuthenticationFilter - Set SecurityContextHolder to anonymous SecurityContext
2025-10-24 13:12:00.311 DEBUG [http-nio-8081-exec-51] o.s.s.w.a.AnonymousAuthenticationFilter - Set SecurityContextHolder to anonymous SecurityContext
2025-10-24 13:12:00.311 DEBUG [http-nio-8081-exec-210] o.s.s.w.a.AnonymousAuthenticationFilter - Set SecurityContextHolder to anonymous SecurityContext
2025-10-24 13:12:00.312 DEBUG [http-nio-8081-exec-97] o.s.s.w.a.AnonymousAuthenticationFilter - Set SecurityContextHolder to anonymous SecurityContext
2025-10-24 13:12:00.312 DEBUG [http-nio-8081-exec-203] o.s.s.w.a.AnonymousAuthenticationFilter - Set SecurityContextHolder to anonymous SecurityContext
2025-10-24 13:12:00.376 DEBUG [http-nio-8081-exec-97] o.s.s.w.a.Http403ForbiddenEntryPoint - Pre-authenticated entry point called. Rejecting access
2025-10-24 13:12:00.312 DEBUG [http-nio-8081-exec-175] o.s.s.w.a.AnonymousAuthenticationFilter - Set SecurityContextHolder to anonymous SecurityContext
2025-10-24 13:12:00.376 DEBUG [http-nio-8081-exec-175] o.s.s.w.a.Http403ForbiddenEntryPoint - Pre-authenticated entry point called. Rejecting access
2025-10-24 13:12:00.312 DEBUG [http-nio-8081-exec-218] o.s.s.w.a.AnonymousAuthenticationFilter - Set SecurityContextHolder to anonymous SecurityContext
2025-10-24 13:12:00.312 DEBUG [http-nio-8081-exec-10] o.s.s.w.a.AnonymousAuthenticationFilter - Set SecurityContextHolder to anonymous SecurityContext
2025-10-24 13:12:00.312 DEBUG [http-nio-8081-exec-214] o.s.s.w.a.AnonymousAuthenticationFilter - Set SecurityContextHolder to anonymous SecurityContext
2025-10-24 13:12:00.311 DEBUG [http-nio-8081-exec-176] o.s.s.w.a.AnonymousAuthenticationFilter - Set SecurityContextHolder to anonymous SecurityContext
2025-10-24 13:12:00.319 DEBUG [http-nio-8081-exec-220] o.s.security.web.FilterChainProxy - Securing GET /struts2-showcase
2025-10-24 13:12:00.377 DEBUG [http-nio-8081-exec-220] u.s.security.JwtAuthenticationFilter - No Authorization header or invalid format, proceeding without authentication
2025-10-24 13:12:00.341 DEBUG [http-nio-8081-exec-38] o.s.s.w.a.Http403ForbiddenEntryPoint - Pre-authenticated entry point called. Rejecting access
2025-10-24 13:12:00.378 DEBUG [http-nio-8081-exec-203] o.s.s.w.a.Http403ForbiddenEntryPoint - Pre-authenticated entry point called. Rejecting access
2025-10-24 13:12:00.377 DEBUG [http-nio-8081-exec-10] o.s.s.w.a.Http403ForbiddenEntryPoint - Pre-authenticated entry point called. Rejecting access
2025-10-24 13:12:00.377 DEBUG [http-nio-8081-exec-218] o.s.s.w.a.Http403ForbiddenEntryPoint - Pre-authenticated entry point called. Rejecting access
2025-10-24 13:12:00.341 DEBUG [http-nio-8081-exec-206] o.s.s.w.a.Http403ForbiddenEntryPoint - Pre-authenticated entry point called. Rejecting access
2025-10-24 13:12:00.341 DEBUG [http-nio-8081-exec-212] o.s.s.w.a.Http403ForbiddenEntryPoint - Pre-authenticated entry point called. Rejecting access
2025-10-24 13:12:00.377 DEBUG [http-nio-8081-exec-176] o.s.s.w.a.Http403ForbiddenEntryPoint - Pre-authenticated entry point called. Rejecting access
2025-10-24 13:12:00.341 DEBUG [http-nio-8081-exec-201] o.s.s.w.a.Http403ForbiddenEntryPoint - Pre-authenticated entry point called. Rejecting access
2025-10-24 13:12:00.378 DEBUG [http-nio-8081-exec-220] o.s.s.w.a.AnonymousAuthenticationFilter - Set SecurityContextHolder to anonymous SecurityContext
2025-10-24 13:12:00.341 DEBUG [http-nio-8081-exec-209] o.s.s.w.a.Http403ForbiddenEntryPoint - Pre-authenticated entry point called. Rejecting access
2025-10-24 13:12:00.341 DEBUG [http-nio-8081-exec-205] o.s.s.w.a.Http403ForbiddenEntryPoint - Pre-authenticated entry point called. Rejecting access
2025-10-24 13:12:00.341 DEBUG [http-nio-8081-exec-216] o.s.s.w.a.Http403ForbiddenEntryPoint - Pre-authenticated entry point called. Rejecting access
2025-10-24 13:12:00.342 DEBUG [http-nio-8081-exec-204] o.s.s.w.a.Http403ForbiddenEntryPoint - Pre-authenticated entry point called. Rejecting access
2025-10-24 13:12:00.379 DEBUG [http-nio-8081-exec-220] o.s.s.w.a.Http403ForbiddenEntryPoint - Pre-authenticated entry point called. Rejecting access
2025-10-24 13:12:00.378 DEBUG [http-nio-8081-exec-214] o.s.s.w.a.Http403ForbiddenEntryPoint - Pre-authenticated entry point called. Rejecting access
2025-10-24 13:12:00.341 DEBUG [http-nio-8081-exec-213] o.s.s.w.a.Http403ForbiddenEntryPoint - Pre-authenticated entry point called. Rejecting access
2025-10-24 13:12:00.341 DEBUG [http-nio-8081-exec-208] o.s.s.w.a.Http403ForbiddenEntryPoint - Pre-authenticated entry point called. Rejecting access
2025-10-24 13:12:00.343 DEBUG [http-nio-8081-exec-210] o.s.s.w.a.Http403ForbiddenEntryPoint - Pre-authenticated entry point called. Rejecting access
2025-10-24 13:12:00.343 DEBUG [http-nio-8081-exec-207] o.s.s.w.a.Http403ForbiddenEntryPoint - Pre-authenticated entry point called. Rejecting access
2025-10-24 13:12:00.343 DEBUG [http-nio-8081-exec-202] o.s.s.w.a.Http403ForbiddenEntryPoint - Pre-authenticated entry point called. Rejecting access
2025-10-24 13:12:01.613 DEBUG [http-nio-8081-exec-210] o.s.security.web.FilterChainProxy - Securing GET /error
2025-10-24 13:12:00.343 DEBUG [http-nio-8081-exec-71] o.s.s.w.a.Http403ForbiddenEntryPoint - Pre-authenticated entry point called. Rejecting access
2025-10-24 13:12:00.343 DEBUG [http-nio-8081-exec-93] o.s.s.w.a.Http403ForbiddenEntryPoint - Pre-authenticated entry point called. Rejecting access
2025-10-24 13:12:01.614 DEBUG [http-nio-8081-exec-210] o.s.s.w.a.AnonymousAuthenticationFilter - Set SecurityContextHolder to anonymous SecurityContext
2025-10-24 13:12:01.614 DEBUG [http-nio-8081-exec-210] o.s.s.w.a.Http403ForbiddenEntryPoint - Pre-authenticated entry point called. Rejecting access
2025-10-24 13:12:00.343 DEBUG [http-nio-8081-exec-211] o.s.s.w.a.Http403ForbiddenEntryPoint - Pre-authenticated entry point called. Rejecting access
2025-10-24 13:12:01.616 DEBUG [http-nio-8081-exec-71] o.s.security.web.FilterChainProxy - Securing GET /error
2025-10-24 13:12:01.616 DEBUG [http-nio-8081-exec-71] o.s.s.w.a.AnonymousAuthenticationFilter - Set SecurityContextHolder to anonymous SecurityContext
2025-10-24 13:12:01.617 DEBUG [http-nio-8081-exec-71] o.s.s.w.a.Http403ForbiddenEntryPoint - Pre-authenticated entry point called. Rejecting access
2025-10-24 13:12:01.618 DEBUG [http-nio-8081-exec-93] o.s.security.web.FilterChainProxy - Securing GET /error
2025-10-24 13:12:01.619 DEBUG [http-nio-8081-exec-93] o.s.s.w.a.AnonymousAuthenticationFilter - Set SecurityContextHolder to anonymous SecurityContext
2025-10-24 13:12:01.619 DEBUG [http-nio-8081-exec-93] o.s.s.w.a.Http403ForbiddenEntryPoint - Pre-authenticated entry point called. Rejecting access
2025-10-24 13:12:01.622 DEBUG [http-nio-8081-exec-202] o.s.security.web.FilterChainProxy - Securing GET /error
2025-10-24 13:12:01.622 DEBUG [http-nio-8081-exec-202] o.s.s.w.a.AnonymousAuthenticationFilter - Set SecurityContextHolder to anonymous SecurityContext
2025-10-24 13:12:01.622 DEBUG [http-nio-8081-exec-202] o.s.s.w.a.Http403ForbiddenEntryPoint - Pre-authenticated entry point called. Rejecting access
2025-10-24 13:12:00.343 DEBUG [http-nio-8081-exec-160] o.s.s.w.a.Http403ForbiddenEntryPoint - Pre-authenticated entry point called. Rejecting access
2025-10-24 13:12:01.623 DEBUG [http-nio-8081-exec-160] o.s.security.web.FilterChainProxy - Securing GET /error
2025-10-24 13:12:01.623 DEBUG [http-nio-8081-exec-160] o.s.s.w.a.AnonymousAuthenticationFilter - Set SecurityContextHolder to anonymous SecurityContext
2025-10-24 13:12:01.623 DEBUG [http-nio-8081-exec-160] o.s.s.w.a.Http403ForbiddenEntryPoint - Pre-authenticated entry point called. Rejecting access
2025-10-24 13:12:01.622 DEBUG [http-nio-8081-exec-207] o.s.security.web.FilterChainProxy - Securing GET /error
2025-10-24 13:12:01.624 DEBUG [http-nio-8081-exec-207] o.s.s.w.a.AnonymousAuthenticationFilter - Set SecurityContextHolder to anonymous SecurityContext
2025-10-24 13:12:01.624 DEBUG [http-nio-8081-exec-207] o.s.s.w.a.Http403ForbiddenEntryPoint - Pre-authenticated entry point called. Rejecting access
2025-10-24 13:12:00.343 DEBUG [http-nio-8081-exec-219] o.s.s.w.a.Http403ForbiddenEntryPoint - Pre-authenticated entry point called. Rejecting access
2025-10-24 13:12:01.626 DEBUG [http-nio-8081-exec-219] o.s.security.web.FilterChainProxy - Securing GET /error
2025-10-24 13:12:01.626 DEBUG [http-nio-8081-exec-219] o.s.s.w.a.AnonymousAuthenticationFilter - Set SecurityContextHolder to anonymous SecurityContext
2025-10-24 13:12:01.626 DEBUG [http-nio-8081-exec-219] o.s.s.w.a.Http403ForbiddenEntryPoint - Pre-authenticated entry point called. Rejecting access
2025-10-24 13:12:01.627 DEBUG [http-nio-8081-exec-211] o.s.security.web.FilterChainProxy - Securing GET /error
2025-10-24 13:12:01.627 DEBUG [http-nio-8081-exec-211] o.s.s.w.a.AnonymousAuthenticationFilter - Set SecurityContextHolder to anonymous SecurityContext
2025-10-24 13:12:01.628 DEBUG [http-nio-8081-exec-211] o.s.s.w.a.Http403ForbiddenEntryPoint - Pre-authenticated entry point called. Rejecting access
2025-10-24 13:12:00.343 DEBUG [http-nio-8081-exec-215] o.s.s.w.a.Http403ForbiddenEntryPoint - Pre-authenticated entry point called. Rejecting access
2025-10-24 13:12:01.629 DEBUG [http-nio-8081-exec-215] o.s.security.web.FilterChainProxy - Securing GET /error
2025-10-24 13:12:01.629 DEBUG [http-nio-8081-exec-215] o.s.s.w.a.AnonymousAuthenticationFilter - Set SecurityContextHolder to anonymous SecurityContext
2025-10-24 13:12:01.629 DEBUG [http-nio-8081-exec-215] o.s.s.w.a.Http403ForbiddenEntryPoint - Pre-authenticated entry point called. Rejecting access
2025-10-24 13:12:00.347 DEBUG [http-nio-8081-exec-1] o.s.s.w.a.Http403ForbiddenEntryPoint - Pre-authenticated entry point called. Rejecting access
2025-10-24 13:12:01.630 DEBUG [http-nio-8081-exec-1] o.s.security.web.FilterChainProxy - Securing GET /error
2025-10-24 13:12:01.630 DEBUG [http-nio-8081-exec-1] o.s.s.w.a.AnonymousAuthenticationFilter - Set SecurityContextHolder to anonymous SecurityContext
2025-10-24 13:12:01.630 DEBUG [http-nio-8081-exec-1] o.s.s.w.a.Http403ForbiddenEntryPoint - Pre-authenticated entry point called. Rejecting access
2025-10-24 13:12:00.348 DEBUG [http-nio-8081-exec-51] o.s.s.w.a.Http403ForbiddenEntryPoint - Pre-authenticated entry point called. Rejecting access
2025-10-24 13:12:00.360 DEBUG [http-nio-8081-exec-217] o.s.security.web.FilterChainProxy - Securing GET /:undefined
2025-10-24 13:12:00.380 DEBUG [http-nio-8081-exec-221] o.s.security.web.FilterChainProxy - Securing GET /:undefined
2025-10-24 13:12:01.630 DEBUG [http-nio-8081-exec-221] u.s.security.JwtAuthenticationFilter - No Authorization header or invalid format, proceeding without authentication
2025-10-24 13:12:01.630 DEBUG [http-nio-8081-exec-221] o.s.s.w.a.AnonymousAuthenticationFilter - Set SecurityContextHolder to anonymous SecurityContext
2025-10-24 13:12:01.630 DEBUG [http-nio-8081-exec-51] o.s.security.web.FilterChainProxy - Securing GET /error
2025-10-24 13:12:01.630 DEBUG [http-nio-8081-exec-51] o.s.s.w.a.AnonymousAuthenticationFilter - Set SecurityContextHolder to anonymous SecurityContext
2025-10-24 13:12:00.408 DEBUG [http-nio-8081-exec-223] o.s.security.web.FilterChainProxy - Securing GET /
2025-10-24 13:12:00.419 DEBUG [http-nio-8081-exec-208] o.s.security.web.FilterChainProxy - Securing GET /error
2025-10-24 13:12:01.630 DEBUG [http-nio-8081-exec-223] u.s.security.JwtAuthenticationFilter - No Authorization header or invalid format, proceeding without authentication
2025-10-24 13:12:00.414 DEBUG [http-nio-8081-exec-224] o.s.security.web.FilterChainProxy - Securing GET /
2025-10-24 13:12:00.419 DEBUG [http-nio-8081-exec-209] o.s.security.web.FilterChainProxy - Securing GET /error
2025-10-24 13:12:01.631 DEBUG [http-nio-8081-exec-223] o.s.s.w.a.AnonymousAuthenticationFilter - Set SecurityContextHolder to anonymous SecurityContext
2025-10-24 13:12:01.631 DEBUG [http-nio-8081-exec-224] u.s.security.JwtAuthenticationFilter - No Authorization header or invalid format, proceeding without authentication
2025-10-24 13:12:01.631 DEBUG [http-nio-8081-exec-209] o.s.s.w.a.AnonymousAuthenticationFilter - Set SecurityContextHolder to anonymous SecurityContext
2025-10-24 13:12:01.630 DEBUG [http-nio-8081-exec-221] o.s.s.w.a.Http403ForbiddenEntryPoint - Pre-authenticated entry point called. Rejecting access
2025-10-24 13:12:01.631 DEBUG [http-nio-8081-exec-223] o.s.s.w.a.Http403ForbiddenEntryPoint - Pre-authenticated entry point called. Rejecting access
2025-10-24 13:12:01.631 DEBUG [http-nio-8081-exec-209] o.s.s.w.a.Http403ForbiddenEntryPoint - Pre-authenticated entry point called. Rejecting access
2025-10-24 13:12:00.419 DEBUG [http-nio-8081-exec-216] o.s.security.web.FilterChainProxy - Securing GET /error
2025-10-24 13:12:01.631 DEBUG [http-nio-8081-exec-51] o.s.s.w.a.Http403ForbiddenEntryPoint - Pre-authenticated entry point called. Rejecting access
2025-10-24 13:12:01.631 DEBUG [http-nio-8081-exec-216] o.s.s.w.a.AnonymousAuthenticationFilter - Set SecurityContextHolder to anonymous SecurityContext
2025-10-24 13:12:01.631 DEBUG [http-nio-8081-exec-216] o.s.s.w.a.Http403ForbiddenEntryPoint - Pre-authenticated entry point called. Rejecting access
2025-10-24 13:12:01.631 DEBUG [http-nio-8081-exec-224] o.s.s.w.a.AnonymousAuthenticationFilter - Set SecurityContextHolder to anonymous SecurityContext
2025-10-24 13:12:00.419 DEBUG [http-nio-8081-exec-204] o.s.security.web.FilterChainProxy - Securing GET /error
2025-10-24 13:12:00.382 DEBUG [http-nio-8081-exec-222] o.s.security.web.FilterChainProxy - Securing GET /index.action/struts/utils.js
2025-10-24 13:12:01.632 DEBUG [http-nio-8081-exec-204] o.s.s.w.a.AnonymousAuthenticationFilter - Set SecurityContextHolder to anonymous SecurityContext
2025-10-24 13:12:01.632 DEBUG [http-nio-8081-exec-222] u.s.security.JwtAuthenticationFilter - No Authorization header or invalid format, proceeding without authentication
2025-10-24 13:12:01.632 DEBUG [http-nio-8081-exec-222] o.s.s.w.a.AnonymousAuthenticationFilter - Set SecurityContextHolder to anonymous SecurityContext
2025-10-24 13:12:00.419 DEBUG [http-nio-8081-exec-205] o.s.security.web.FilterChainProxy - Securing GET /error
2025-10-24 13:12:01.632 DEBUG [http-nio-8081-exec-222] o.s.s.w.a.Http403ForbiddenEntryPoint - Pre-authenticated entry point called. Rejecting access
2025-10-24 13:12:01.632 DEBUG [http-nio-8081-exec-205] o.s.s.w.a.AnonymousAuthenticationFilter - Set SecurityContextHolder to anonymous SecurityContext
2025-10-24 13:12:01.632 DEBUG [http-nio-8081-exec-205] o.s.s.w.a.Http403ForbiddenEntryPoint - Pre-authenticated entry point called. Rejecting access
2025-10-24 13:12:01.632 DEBUG [http-nio-8081-exec-222] o.s.security.web.FilterChainProxy - Securing GET /error
2025-10-24 13:12:01.632 DEBUG [http-nio-8081-exec-222] o.s.s.w.a.AnonymousAuthenticationFilter - Set SecurityContextHolder to anonymous SecurityContext
2025-10-24 13:12:00.419 DEBUG [http-nio-8081-exec-213] o.s.security.web.FilterChainProxy - Securing GET /error
2025-10-24 13:12:01.633 DEBUG [http-nio-8081-exec-213] o.s.s.w.a.AnonymousAuthenticationFilter - Set SecurityContextHolder to anonymous SecurityContext
2025-10-24 13:12:00.419 DEBUG [http-nio-8081-exec-212] o.s.security.web.FilterChainProxy - Securing GET /error
2025-10-24 13:12:01.633 DEBUG [http-nio-8081-exec-212] o.s.s.w.a.AnonymousAuthenticationFilter - Set SecurityContextHolder to anonymous SecurityContext
2025-10-24 13:12:00.419 DEBUG [http-nio-8081-exec-201] o.s.security.web.FilterChainProxy - Securing GET /error
2025-10-24 13:12:00.419 DEBUG [http-nio-8081-exec-97] o.s.security.web.FilterChainProxy - Securing GET /error
2025-10-24 13:12:01.632 DEBUG [http-nio-8081-exec-224] o.s.s.w.a.Http403ForbiddenEntryPoint - Pre-authenticated entry point called. Rejecting access
2025-10-24 13:12:01.633 DEBUG [http-nio-8081-exec-97] o.s.s.w.a.AnonymousAuthenticationFilter - Set SecurityContextHolder to anonymous SecurityContext
2025-10-24 13:12:01.633 DEBUG [http-nio-8081-exec-201] o.s.s.w.a.AnonymousAuthenticationFilter - Set SecurityContextHolder to anonymous SecurityContext
2025-10-24 13:12:00.419 DEBUG [http-nio-8081-exec-220] o.s.security.web.FilterChainProxy - Securing GET /error
2025-10-24 13:12:01.633 DEBUG [http-nio-8081-exec-221] o.s.security.web.FilterChainProxy - Securing GET /error
2025-10-24 13:12:01.634 DEBUG [http-nio-8081-exec-221] o.s.s.w.a.AnonymousAuthenticationFilter - Set SecurityContextHolder to anonymous SecurityContext
2025-10-24 13:12:01.634 DEBUG [http-nio-8081-exec-224] o.s.security.web.FilterChainProxy - Securing GET /error
2025-10-24 13:12:01.634 DEBUG [http-nio-8081-exec-220] o.s.s.w.a.AnonymousAuthenticationFilter - Set SecurityContextHolder to anonymous SecurityContext
2025-10-24 13:12:00.421 DEBUG [http-nio-8081-exec-38] o.s.security.web.FilterChainProxy - Securing GET /error
2025-10-24 13:12:01.634 DEBUG [http-nio-8081-exec-38] o.s.s.w.a.AnonymousAuthenticationFilter - Set SecurityContextHolder to anonymous SecurityContext
2025-10-24 13:12:01.634 DEBUG [http-nio-8081-exec-204] o.s.s.w.a.Http403ForbiddenEntryPoint - Pre-authenticated entry point called. Rejecting access
2025-10-24 13:12:01.634 DEBUG [http-nio-8081-exec-221] o.s.s.w.a.Http403ForbiddenEntryPoint - Pre-authenticated entry point called. Rejecting access
2025-10-24 13:12:00.421 DEBUG [http-nio-8081-exec-10] o.s.security.web.FilterChainProxy - Securing GET /error
2025-10-24 13:12:01.636 DEBUG [http-nio-8081-exec-201] o.s.s.w.a.Http403ForbiddenEntryPoint - Pre-authenticated entry point called. Rejecting access
2025-10-24 13:12:01.636 DEBUG [http-nio-8081-exec-10] o.s.s.w.a.AnonymousAuthenticationFilter - Set SecurityContextHolder to anonymous SecurityContext
2025-10-24 13:12:00.421 DEBUG [http-nio-8081-exec-203] o.s.security.web.FilterChainProxy - Securing GET /error
2025-10-24 13:12:01.636 DEBUG [http-nio-8081-exec-203] o.s.s.w.a.AnonymousAuthenticationFilter - Set SecurityContextHolder to anonymous SecurityContext
2025-10-24 13:12:01.636 DEBUG [http-nio-8081-exec-220] o.s.s.w.a.Http403ForbiddenEntryPoint - Pre-authenticated entry point called. Rejecting access
2025-10-24 13:12:01.636 DEBUG [http-nio-8081-exec-212] o.s.s.w.a.Http403ForbiddenEntryPoint - Pre-authenticated entry point called. Rejecting access
2025-10-24 13:12:01.636 DEBUG [http-nio-8081-exec-203] o.s.s.w.a.Http403ForbiddenEntryPoint - Pre-authenticated entry point called. Rejecting access
2025-10-24 13:12:01.636 DEBUG [http-nio-8081-exec-38] o.s.s.w.a.Http403ForbiddenEntryPoint - Pre-authenticated entry point called. Rejecting access
2025-10-24 13:12:01.636 DEBUG [http-nio-8081-exec-97] o.s.s.w.a.Http403ForbiddenEntryPoint - Pre-authenticated entry point called. Rejecting access
2025-10-24 13:12:01.637 DEBUG [http-nio-8081-exec-222] o.s.s.w.a.Http403ForbiddenEntryPoint - Pre-authenticated entry point called. Rejecting access
2025-10-24 13:12:01.637 DEBUG [http-nio-8081-exec-10] o.s.s.w.a.Http403ForbiddenEntryPoint - Pre-authenticated entry point called. Rejecting access
2025-10-24 13:12:00.421 DEBUG [http-nio-8081-exec-218] o.s.security.web.FilterChainProxy - Securing GET /error
2025-10-24 13:12:01.643 DEBUG [http-nio-8081-exec-218] o.s.s.w.a.AnonymousAuthenticationFilter - Set SecurityContextHolder to anonymous SecurityContext
2025-10-24 13:12:01.643 DEBUG [http-nio-8081-exec-218] o.s.s.w.a.Http403ForbiddenEntryPoint - Pre-authenticated entry point called. Rejecting access
2025-10-24 13:12:00.421 DEBUG [http-nio-8081-exec-214] o.s.security.web.FilterChainProxy - Securing GET /error
2025-10-24 13:12:01.648 DEBUG [http-nio-8081-exec-214] o.s.s.w.a.AnonymousAuthenticationFilter - Set SecurityContextHolder to anonymous SecurityContext
2025-10-24 13:12:01.648 DEBUG [http-nio-8081-exec-214] o.s.s.w.a.Http403ForbiddenEntryPoint - Pre-authenticated entry point called. Rejecting access
2025-10-24 13:12:00.421 DEBUG [http-nio-8081-exec-175] o.s.security.web.FilterChainProxy - Securing GET /error
2025-10-24 13:12:01.652 DEBUG [http-nio-8081-exec-175] o.s.s.w.a.AnonymousAuthenticationFilter - Set SecurityContextHolder to anonymous SecurityContext
2025-10-24 13:12:01.652 DEBUG [http-nio-8081-exec-175] o.s.s.w.a.Http403ForbiddenEntryPoint - Pre-authenticated entry point called. Rejecting access
2025-10-24 13:12:00.421 DEBUG [http-nio-8081-exec-206] o.s.security.web.FilterChainProxy - Securing GET /error
2025-10-24 13:12:01.652 DEBUG [http-nio-8081-exec-206] o.s.s.w.a.AnonymousAuthenticationFilter - Set SecurityContextHolder to anonymous SecurityContext
2025-10-24 13:12:01.653 DEBUG [http-nio-8081-exec-206] o.s.s.w.a.Http403ForbiddenEntryPoint - Pre-authenticated entry point called. Rejecting access
2025-10-24 13:12:00.424 DEBUG [http-nio-8081-exec-176] o.s.security.web.FilterChainProxy - Securing GET /error
2025-10-24 13:12:01.653 DEBUG [http-nio-8081-exec-176] o.s.s.w.a.AnonymousAuthenticationFilter - Set SecurityContextHolder to anonymous SecurityContext
2025-10-24 13:12:00.430 DEBUG [http-nio-8081-exec-226] o.s.security.web.FilterChainProxy - Securing GET /:undefined
2025-10-24 13:12:00.473 DEBUG [http-nio-8081-exec-228] o.s.security.web.FilterChainProxy - Securing GET /
2025-10-24 13:12:00.476 DEBUG [http-nio-8081-exec-229] o.s.security.web.FilterChainProxy - Securing GET /:undefined
2025-10-24 13:12:00.456 DEBUG [http-nio-8081-exec-225] o.s.security.web.FilterChainProxy - Securing GET /
2025-10-24 13:12:01.654 DEBUG [http-nio-8081-exec-225] u.s.security.JwtAuthenticationFilter - No Authorization header or invalid format, proceeding without authentication
2025-10-24 13:12:01.654 DEBUG [http-nio-8081-exec-225] o.s.s.w.a.AnonymousAuthenticationFilter - Set SecurityContextHolder to anonymous SecurityContext
2025-10-24 13:12:01.654 DEBUG [http-nio-8081-exec-225] o.s.s.w.a.Http403ForbiddenEntryPoint - Pre-authenticated entry point called. Rejecting access
2025-10-24 13:12:00.509 DEBUG [http-nio-8081-exec-231] o.s.security.web.FilterChainProxy - Securing GET /
2025-10-24 13:12:01.655 DEBUG [http-nio-8081-exec-231] u.s.security.JwtAuthenticationFilter - No Authorization header or invalid format, proceeding without authentication
2025-10-24 13:12:01.655 DEBUG [http-nio-8081-exec-231] o.s.s.w.a.AnonymousAuthenticationFilter - Set SecurityContextHolder to anonymous SecurityContext
2025-10-24 13:12:01.654 DEBUG [http-nio-8081-exec-226] u.s.security.JwtAuthenticationFilter - No Authorization header or invalid format, proceeding without authentication
2025-10-24 13:12:01.654 DEBUG [http-nio-8081-exec-229] u.s.security.JwtAuthenticationFilter - No Authorization header or invalid format, proceeding without authentication
2025-10-24 13:12:01.655 DEBUG [http-nio-8081-exec-226] o.s.s.w.a.AnonymousAuthenticationFilter - Set SecurityContextHolder to anonymous SecurityContext
2025-10-24 13:12:00.509 DEBUG [http-nio-8081-exec-227] o.s.security.web.FilterChainProxy - Securing POST /struts2-showcase/token/transfer4.action
2025-10-24 13:12:00.520 DEBUG [http-nio-8081-exec-232] o.s.security.web.FilterChainProxy - Securing GET /
2025-10-24 13:12:01.655 DEBUG [http-nio-8081-exec-227] u.s.security.JwtAuthenticationFilter - No Authorization header or invalid format, proceeding without authentication
2025-10-24 13:12:01.655 DEBUG [http-nio-8081-exec-232] u.s.security.JwtAuthenticationFilter - No Authorization header or invalid format, proceeding without authentication
2025-10-24 13:12:01.655 DEBUG [http-nio-8081-exec-227] o.s.s.w.a.AnonymousAuthenticationFilter - Set SecurityContextHolder to anonymous SecurityContext
2025-10-24 13:12:01.655 DEBUG [http-nio-8081-exec-232] o.s.s.w.a.AnonymousAuthenticationFilter - Set SecurityContextHolder to anonymous SecurityContext
2025-10-24 13:12:01.656 DEBUG [http-nio-8081-exec-227] o.s.s.w.a.Http403ForbiddenEntryPoint - Pre-authenticated entry point called. Rejecting access
2025-10-24 13:12:01.656 DEBUG [http-nio-8081-exec-232] o.s.s.w.a.Http403ForbiddenEntryPoint - Pre-authenticated entry point called. Rejecting access
2025-10-24 13:12:01.656 DEBUG [http-nio-8081-exec-227] o.s.security.web.FilterChainProxy - Securing POST /error
2025-10-24 13:12:01.656 DEBUG [http-nio-8081-exec-227] o.s.s.w.a.AnonymousAuthenticationFilter - Set SecurityContextHolder to anonymous SecurityContext
2025-10-24 13:12:01.656 DEBUG [http-nio-8081-exec-227] o.s.s.w.a.Http403ForbiddenEntryPoint - Pre-authenticated entry point called. Rejecting access
2025-10-24 13:12:00.493 INFO  [http-nio-8081-exec-230] o.a.coyote.http11.Http11Processor - Error parsing HTTP request header
 Note: further occurrences of HTTP request parsing errors will be logged at DEBUG level.
java.lang.IllegalArgumentException: Invalid character found in the request target [/struts2-showcase/${jndi:dns://MDEDiscovery2d7ebdf2dfApacheStruts2-8081} ]. The valid characters are defined in RFC 7230 and RFC 3986
	at org.apache.coyote.http11.Http11InputBuffer.parseRequestLine(Http11InputBuffer.java:486) ~[tomcat-embed-core-10.1.46.jar:10.1.46]
	at org.apache.coyote.http11.Http11Processor.service(Http11Processor.java:271) ~[tomcat-embed-core-10.1.46.jar:10.1.46]
	at org.apache.coyote.AbstractProcessorLight.process(AbstractProcessorLight.java:63) ~[tomcat-embed-core-10.1.46.jar:10.1.46]
	at org.apache.coyote.AbstractProtocol$ConnectionHandler.process(AbstractProtocol.java:903) ~[tomcat-embed-core-10.1.46.jar:10.1.46]
	at org.apache.tomcat.util.net.NioEndpoint$SocketProcessor.doRun(NioEndpoint.java:1776) ~[tomcat-embed-core-10.1.46.jar:10.1.46]
	at org.apache.tomcat.util.net.SocketProcessorBase.run(SocketProcessorBase.java:52) ~[tomcat-embed-core-10.1.46.jar:10.1.46]
	at org.apache.tomcat.util.threads.ThreadPoolExecutor.runWorker(ThreadPoolExecutor.java:975) ~[tomcat-embed-core-10.1.46.jar:10.1.46]
	at org.apache.tomcat.util.threads.ThreadPoolExecutor$Worker.run(ThreadPoolExecutor.java:493) ~[tomcat-embed-core-10.1.46.jar:10.1.46]
	at org.apache.tomcat.util.threads.TaskThread$WrappingRunnable.run(TaskThread.java:63) ~[tomcat-embed-core-10.1.46.jar:10.1.46]
	at java.base/java.lang.Thread.run(Thread.java:1583) ~[na:na]
2025-10-24 13:12:00.521 DEBUG [http-nio-8081-exec-233] o.s.security.web.FilterChainProxy - Securing POST /struts2-showcase/token/transfer4.action
2025-10-24 13:12:00.535 DEBUG [http-nio-8081-exec-234] o.s.security.web.FilterChainProxy - Securing GET /:undefined
2025-10-24 13:12:01.660 DEBUG [http-nio-8081-exec-233] u.s.security.JwtAuthenticationFilter - No Authorization header or invalid format, proceeding without authentication
2025-10-24 13:12:01.660 DEBUG [http-nio-8081-exec-233] o.s.s.w.a.AnonymousAuthenticationFilter - Set SecurityContextHolder to anonymous SecurityContext
2025-10-24 13:12:01.660 DEBUG [http-nio-8081-exec-234] u.s.security.JwtAuthenticationFilter - No Authorization header or invalid format, proceeding without authentication
2025-10-24 13:12:01.656 DEBUG [http-nio-8081-exec-232] o.s.security.web.FilterChainProxy - Securing GET /error
2025-10-24 13:12:01.660 DEBUG [http-nio-8081-exec-234] o.s.s.w.a.AnonymousAuthenticationFilter - Set SecurityContextHolder to anonymous SecurityContext
2025-10-24 13:12:01.660 DEBUG [http-nio-8081-exec-232] o.s.s.w.a.AnonymousAuthenticationFilter - Set SecurityContextHolder to anonymous SecurityContext
2025-10-24 13:12:01.660 DEBUG [http-nio-8081-exec-232] o.s.s.w.a.Http403ForbiddenEntryPoint - Pre-authenticated entry point called. Rejecting access
2025-10-24 13:12:00.536 DEBUG [http-nio-8081-exec-235] o.s.security.web.FilterChainProxy - Securing GET /:undefined
2025-10-24 13:12:00.539 DEBUG [http-nio-8081-exec-238] o.s.security.web.FilterChainProxy - Securing GET /
2025-10-24 13:12:01.664 DEBUG [http-nio-8081-exec-238] u.s.security.JwtAuthenticationFilter - No Authorization header or invalid format, proceeding without authentication
2025-10-24 13:12:01.660 DEBUG [http-nio-8081-exec-234] o.s.s.w.a.Http403ForbiddenEntryPoint - Pre-authenticated entry point called. Rejecting access
2025-10-24 13:12:00.546 INFO  [http-nio-8081-exec-236] o.a.coyote.http11.Http11Processor - Error parsing HTTP request header
 Note: further occurrences of HTTP request parsing errors will be logged at DEBUG level.
java.lang.IllegalArgumentException: Invalid character found in the request target [/analytics/telemetry/ph/api/hyper/send?_c=${jndi:dns://MDEDiscovery2d7ebdf2dfVMwarevCenter-8081}&i=test ]. The valid characters are defined in RFC 7230 and RFC 3986
	at org.apache.coyote.http11.Http11InputBuffer.parseRequestLine(Http11InputBuffer.java:478) ~[tomcat-embed-core-10.1.46.jar:10.1.46]
	at org.apache.coyote.http11.Http11Processor.service(Http11Processor.java:271) ~[tomcat-embed-core-10.1.46.jar:10.1.46]
	at org.apache.coyote.AbstractProcessorLight.process(AbstractProcessorLight.java:63) ~[tomcat-embed-core-10.1.46.jar:10.1.46]
	at org.apache.coyote.AbstractProtocol$ConnectionHandler.process(AbstractProtocol.java:903) ~[tomcat-embed-core-10.1.46.jar:10.1.46]
	at org.apache.tomcat.util.net.NioEndpoint$SocketProcessor.doRun(NioEndpoint.java:1776) ~[tomcat-embed-core-10.1.46.jar:10.1.46]
	at org.apache.tomcat.util.net.SocketProcessorBase.run(SocketProcessorBase.java:52) ~[tomcat-embed-core-10.1.46.jar:10.1.46]
	at org.apache.tomcat.util.threads.ThreadPoolExecutor.runWorker(ThreadPoolExecutor.java:975) ~[tomcat-embed-core-10.1.46.jar:10.1.46]
	at org.apache.tomcat.util.threads.ThreadPoolExecutor$Worker.run(ThreadPoolExecutor.java:493) ~[tomcat-embed-core-10.1.46.jar:10.1.46]
	at org.apache.tomcat.util.threads.TaskThread$WrappingRunnable.run(TaskThread.java:63) ~[tomcat-embed-core-10.1.46.jar:10.1.46]
	at java.base/java.lang.Thread.run(Thread.java:1583) ~[na:na]
2025-10-24 13:12:00.547 DEBUG [http-nio-8081-exec-237] o.s.security.web.FilterChainProxy - Securing GET /:undefined
2025-10-24 13:12:01.665 DEBUG [http-nio-8081-exec-237] u.s.security.JwtAuthenticationFilter - No Authorization header or invalid format, proceeding without authentication
2025-10-24 13:12:01.665 DEBUG [http-nio-8081-exec-234] o.s.security.web.FilterChainProxy - Securing GET /error
2025-10-24 13:12:01.666 DEBUG [http-nio-8081-exec-237] o.s.s.w.a.AnonymousAuthenticationFilter - Set SecurityContextHolder to anonymous SecurityContext
2025-10-24 13:12:01.664 DEBUG [http-nio-8081-exec-235] u.s.security.JwtAuthenticationFilter - No Authorization header or invalid format, proceeding without authentication
2025-10-24 13:12:01.666 DEBUG [http-nio-8081-exec-237] o.s.s.w.a.Http403ForbiddenEntryPoint - Pre-authenticated entry point called. Rejecting access
2025-10-24 13:12:00.556 DEBUG [http-nio-8081-exec-239] o.s.security.web.FilterChainProxy - Securing GET /:undefined
2025-10-24 13:12:00.564 DEBUG [http-nio-8081-exec-241] o.s.security.web.FilterChainProxy - Securing GET /
2025-10-24 13:12:01.667 DEBUG [http-nio-8081-exec-237] o.s.security.web.FilterChainProxy - Securing GET /error
2025-10-24 13:12:01.667 DEBUG [http-nio-8081-exec-234] o.s.s.w.a.AnonymousAuthenticationFilter - Set SecurityContextHolder to anonymous SecurityContext
2025-10-24 13:12:01.667 DEBUG [http-nio-8081-exec-241] u.s.security.JwtAuthenticationFilter - No Authorization header or invalid format, proceeding without authentication
2025-10-24 13:12:01.667 DEBUG [http-nio-8081-exec-237] o.s.s.w.a.AnonymousAuthenticationFilter - Set SecurityContextHolder to anonymous SecurityContext
2025-10-24 13:12:01.667 DEBUG [http-nio-8081-exec-241] o.s.s.w.a.AnonymousAuthenticationFilter - Set SecurityContextHolder to anonymous SecurityContext
2025-10-24 13:12:01.667 DEBUG [http-nio-8081-exec-234] o.s.s.w.a.Http403ForbiddenEntryPoint - Pre-authenticated entry point called. Rejecting access
2025-10-24 13:12:01.667 DEBUG [http-nio-8081-exec-237] o.s.s.w.a.Http403ForbiddenEntryPoint - Pre-authenticated entry point called. Rejecting access
2025-10-24 13:12:01.667 DEBUG [http-nio-8081-exec-241] o.s.s.w.a.Http403ForbiddenEntryPoint - Pre-authenticated entry point called. Rejecting access
2025-10-24 13:12:01.664 DEBUG [http-nio-8081-exec-238] o.s.s.w.a.AnonymousAuthenticationFilter - Set SecurityContextHolder to anonymous SecurityContext
2025-10-24 13:12:01.666 DEBUG [http-nio-8081-exec-235] o.s.s.w.a.AnonymousAuthenticationFilter - Set SecurityContextHolder to anonymous SecurityContext
2025-10-24 13:12:00.564 DEBUG [http-nio-8081-exec-240] o.s.security.web.FilterChainProxy - Securing GET /:undefined
2025-10-24 13:12:01.668 DEBUG [http-nio-8081-exec-241] o.s.security.web.FilterChainProxy - Securing GET /error
2025-10-24 13:12:01.668 DEBUG [http-nio-8081-exec-240] u.s.security.JwtAuthenticationFilter - No Authorization header or invalid format, proceeding without authentication
2025-10-24 13:12:01.668 DEBUG [http-nio-8081-exec-235] o.s.s.w.a.Http403ForbiddenEntryPoint - Pre-authenticated entry point called. Rejecting access
2025-10-24 13:12:01.668 DEBUG [http-nio-8081-exec-241] o.s.s.w.a.AnonymousAuthenticationFilter - Set SecurityContextHolder to anonymous SecurityContext
2025-10-24 13:12:01.668 DEBUG [http-nio-8081-exec-240] o.s.s.w.a.AnonymousAuthenticationFilter - Set SecurityContextHolder to anonymous SecurityContext
2025-10-24 13:12:01.668 DEBUG [http-nio-8081-exec-241] o.s.s.w.a.Http403ForbiddenEntryPoint - Pre-authenticated entry point called. Rejecting access
2025-10-24 13:12:00.582 DEBUG [http-nio-8081-exec-243] o.s.security.web.FilterChainProxy - Securing GET /:undefined
2025-10-24 13:12:01.668 DEBUG [http-nio-8081-exec-243] u.s.security.JwtAuthenticationFilter - No Authorization header or invalid format, proceeding without authentication
2025-10-24 13:12:00.589 DEBUG [http-nio-8081-exec-245] o.s.security.web.FilterChainProxy - Securing GET /
2025-10-24 13:12:00.573 DEBUG [http-nio-8081-exec-242] o.s.security.web.FilterChainProxy - Securing GET /
2025-10-24 13:12:00.589 DEBUG [http-nio-8081-exec-244] o.s.security.web.FilterChainProxy - Securing GET /
2025-10-24 13:12:01.668 DEBUG [http-nio-8081-exec-240] o.s.s.w.a.Http403ForbiddenEntryPoint - Pre-authenticated entry point called. Rejecting access
2025-10-24 13:12:01.668 DEBUG [http-nio-8081-exec-245] u.s.security.JwtAuthenticationFilter - No Authorization header or invalid format, proceeding without authentication
2025-10-24 13:12:01.668 DEBUG [http-nio-8081-exec-242] u.s.security.JwtAuthenticationFilter - No Authorization header or invalid format, proceeding without authentication
2025-10-24 13:12:00.599 DEBUG [http-nio-8081-exec-246] o.s.security.web.FilterChainProxy - Securing GET /
2025-10-24 13:12:01.669 DEBUG [http-nio-8081-exec-242] o.s.s.w.a.AnonymousAuthenticationFilter - Set SecurityContextHolder to anonymous SecurityContext
2025-10-24 13:12:01.670 DEBUG [http-nio-8081-exec-242] o.s.s.w.a.Http403ForbiddenEntryPoint - Pre-authenticated entry point called. Rejecting access
2025-10-24 13:12:01.670 DEBUG [http-nio-8081-exec-246] u.s.security.JwtAuthenticationFilter - No Authorization header or invalid format, proceeding without authentication
2025-10-24 13:12:01.671 DEBUG [http-nio-8081-exec-246] o.s.s.w.a.AnonymousAuthenticationFilter - Set SecurityContextHolder to anonymous SecurityContext
2025-10-24 13:12:00.611 DEBUG [http-nio-8081-exec-247] o.s.security.web.FilterChainProxy - Securing GET /:undefined
2025-10-24 13:12:01.673 DEBUG [http-nio-8081-exec-246] o.s.s.w.a.Http403ForbiddenEntryPoint - Pre-authenticated entry point called. Rejecting access
2025-10-24 13:12:01.673 DEBUG [http-nio-8081-exec-246] o.s.security.web.FilterChainProxy - Securing GET /error
2025-10-24 13:12:01.673 DEBUG [http-nio-8081-exec-246] o.s.s.w.a.AnonymousAuthenticationFilter - Set SecurityContextHolder to anonymous SecurityContext
2025-10-24 13:12:01.675 DEBUG [http-nio-8081-exec-246] o.s.s.w.a.Http403ForbiddenEntryPoint - Pre-authenticated entry point called. Rejecting access
2025-10-24 13:12:00.618 DEBUG [http-nio-8081-exec-250] o.s.security.web.FilterChainProxy - Securing GET /:undefined
2025-10-24 13:12:01.676 DEBUG [http-nio-8081-exec-250] u.s.security.JwtAuthenticationFilter - No Authorization header or invalid format, proceeding without authentication
2025-10-24 13:12:01.676 DEBUG [http-nio-8081-exec-250] o.s.s.w.a.AnonymousAuthenticationFilter - Set SecurityContextHolder to anonymous SecurityContext
2025-10-24 13:12:01.676 DEBUG [http-nio-8081-exec-250] o.s.s.w.a.Http403ForbiddenEntryPoint - Pre-authenticated entry point called. Rejecting access
2025-10-24 13:12:01.677 DEBUG [http-nio-8081-exec-250] o.s.security.web.FilterChainProxy - Securing GET /error
2025-10-24 13:12:01.677 DEBUG [http-nio-8081-exec-250] o.s.s.w.a.AnonymousAuthenticationFilter - Set SecurityContextHolder to anonymous SecurityContext
2025-10-24 13:12:01.677 DEBUG [http-nio-8081-exec-250] o.s.s.w.a.Http403ForbiddenEntryPoint - Pre-authenticated entry point called. Rejecting access
2025-10-24 13:12:00.626 DEBUG [http-nio-8081-exec-251] o.s.security.web.FilterChainProxy - Securing GET /
2025-10-24 13:12:00.627 DEBUG [http-nio-8081-exec-248] o.s.security.web.FilterChainProxy - Securing GET /:undefined
2025-10-24 13:12:00.637 DEBUG [http-nio-8081-exec-252] o.s.security.web.FilterChainProxy - Securing GET /
2025-10-24 13:12:00.637 DEBUG [http-nio-8081-exec-249] o.s.security.web.FilterChainProxy - Securing GET /:undefined
2025-10-24 13:12:01.678 DEBUG [http-nio-8081-exec-248] u.s.security.JwtAuthenticationFilter - No Authorization header or invalid format, proceeding without authentication
2025-10-24 13:12:01.678 DEBUG [http-nio-8081-exec-252] u.s.security.JwtAuthenticationFilter - No Authorization header or invalid format, proceeding without authentication
2025-10-24 13:12:01.678 DEBUG [http-nio-8081-exec-248] o.s.s.w.a.AnonymousAuthenticationFilter - Set SecurityContextHolder to anonymous SecurityContext
2025-10-24 13:12:01.678 DEBUG [http-nio-8081-exec-252] o.s.s.w.a.AnonymousAuthenticationFilter - Set SecurityContextHolder to anonymous SecurityContext
2025-10-24 13:12:01.678 DEBUG [http-nio-8081-exec-248] o.s.s.w.a.Http403ForbiddenEntryPoint - Pre-authenticated entry point called. Rejecting access
2025-10-24 13:12:01.678 DEBUG [http-nio-8081-exec-252] o.s.s.w.a.Http403ForbiddenEntryPoint - Pre-authenticated entry point called. Rejecting access
2025-10-24 13:12:01.680 DEBUG [http-nio-8081-exec-248] o.s.security.web.FilterChainProxy - Securing GET /error
2025-10-24 13:12:00.647 DEBUG [http-nio-8081-exec-254] o.s.security.web.FilterChainProxy - Securing GET /
2025-10-24 13:12:01.680 DEBUG [http-nio-8081-exec-252] o.s.security.web.FilterChainProxy - Securing GET /error
2025-10-24 13:12:01.680 DEBUG [http-nio-8081-exec-252] o.s.s.w.a.AnonymousAuthenticationFilter - Set SecurityContextHolder to anonymous SecurityContext
2025-10-24 13:12:01.680 DEBUG [http-nio-8081-exec-252] o.s.s.w.a.Http403ForbiddenEntryPoint - Pre-authenticated entry point called. Rejecting access
2025-10-24 13:12:00.648 DEBUG [http-nio-8081-exec-253] o.s.security.web.FilterChainProxy - Securing GET /:undefined
2025-10-24 13:12:00.663 DEBUG [http-nio-8081-exec-255] o.s.security.web.FilterChainProxy - Securing GET /:undefined
2025-10-24 13:12:01.681 DEBUG [http-nio-8081-exec-255] u.s.security.JwtAuthenticationFilter - No Authorization header or invalid format, proceeding without authentication
2025-10-24 13:12:00.682 DEBUG [http-nio-8081-exec-257] o.s.security.web.FilterChainProxy - Securing GET /
2025-10-24 13:12:01.681 DEBUG [http-nio-8081-exec-255] o.s.s.w.a.AnonymousAuthenticationFilter - Set SecurityContextHolder to anonymous SecurityContext
2025-10-24 13:12:00.686 DEBUG [http-nio-8081-exec-256] o.s.security.web.FilterChainProxy - Securing GET /
2025-10-24 13:12:01.681 DEBUG [http-nio-8081-exec-253] u.s.security.JwtAuthenticationFilter - No Authorization header or invalid format, proceeding without authentication
2025-10-24 13:12:01.681 DEBUG [http-nio-8081-exec-256] u.s.security.JwtAuthenticationFilter - No Authorization header or invalid format, proceeding without authentication
2025-10-24 13:12:01.681 DEBUG [http-nio-8081-exec-256] o.s.s.w.a.AnonymousAuthenticationFilter - Set SecurityContextHolder to anonymous SecurityContext
2025-10-24 13:12:01.681 DEBUG [http-nio-8081-exec-256] o.s.s.w.a.Http403ForbiddenEntryPoint - Pre-authenticated entry point called. Rejecting access
2025-10-24 13:12:01.681 DEBUG [http-nio-8081-exec-255] o.s.s.w.a.Http403ForbiddenEntryPoint - Pre-authenticated entry point called. Rejecting access
2025-10-24 13:12:01.682 DEBUG [http-nio-8081-exec-256] o.s.security.web.FilterChainProxy - Securing GET /error
2025-10-24 13:12:01.682 DEBUG [http-nio-8081-exec-256] o.s.s.w.a.AnonymousAuthenticationFilter - Set SecurityContextHolder to anonymous SecurityContext
2025-10-24 13:12:01.682 DEBUG [http-nio-8081-exec-256] o.s.s.w.a.Http403ForbiddenEntryPoint - Pre-authenticated entry point called. Rejecting access
2025-10-24 13:12:00.689 DEBUG [http-nio-8081-exec-258] o.s.security.web.FilterChainProxy - Securing GET /
2025-10-24 13:12:01.688 DEBUG [http-nio-8081-exec-258] u.s.security.JwtAuthenticationFilter - No Authorization header or invalid format, proceeding without authentication
2025-10-24 13:12:01.688 DEBUG [http-nio-8081-exec-258] o.s.s.w.a.AnonymousAuthenticationFilter - Set SecurityContextHolder to anonymous SecurityContext
2025-10-24 13:12:01.688 DEBUG [http-nio-8081-exec-258] o.s.s.w.a.Http403ForbiddenEntryPoint - Pre-authenticated entry point called. Rejecting access
2025-10-24 13:12:01.690 DEBUG [http-nio-8081-exec-258] o.s.security.web.FilterChainProxy - Securing GET /error
2025-10-24 13:12:01.690 DEBUG [http-nio-8081-exec-258] o.s.s.w.a.AnonymousAuthenticationFilter - Set SecurityContextHolder to anonymous SecurityContext
2025-10-24 13:12:01.691 DEBUG [http-nio-8081-exec-255] o.s.security.web.FilterChainProxy - Securing GET /error
2025-10-24 13:12:01.691 DEBUG [http-nio-8081-exec-255] o.s.s.w.a.AnonymousAuthenticationFilter - Set SecurityContextHolder to anonymous SecurityContext
2025-10-24 13:12:00.694 DEBUG [http-nio-8081-exec-259] o.s.security.web.FilterChainProxy - Securing GET /:undefined
2025-10-24 13:12:00.698 DEBUG [http-nio-8081-exec-260] o.s.security.web.FilterChainProxy - Securing GET /:undefined
2025-10-24 13:12:00.707 DEBUG [http-nio-8081-exec-261] o.s.security.web.FilterChainProxy - Securing GET /:undefined
2025-10-24 13:12:01.693 DEBUG [http-nio-8081-exec-259] u.s.security.JwtAuthenticationFilter - No Authorization header or invalid format, proceeding without authentication
2025-10-24 13:12:01.693 DEBUG [http-nio-8081-exec-260] u.s.security.JwtAuthenticationFilter - No Authorization header or invalid format, proceeding without authentication
2025-10-24 13:12:01.693 DEBUG [http-nio-8081-exec-259] o.s.s.w.a.AnonymousAuthenticationFilter - Set SecurityContextHolder to anonymous SecurityContext
2025-10-24 13:12:01.693 DEBUG [http-nio-8081-exec-261] u.s.security.JwtAuthenticationFilter - No Authorization header or invalid format, proceeding without authentication
2025-10-24 13:12:01.693 DEBUG [http-nio-8081-exec-260] o.s.s.w.a.AnonymousAuthenticationFilter - Set SecurityContextHolder to anonymous SecurityContext
2025-10-24 13:12:01.693 DEBUG [http-nio-8081-exec-261] o.s.s.w.a.AnonymousAuthenticationFilter - Set SecurityContextHolder to anonymous SecurityContext
2025-10-24 13:12:00.715 DEBUG [http-nio-8081-exec-262] o.s.security.web.FilterChainProxy - Securing GET /
2025-10-24 13:12:01.699 DEBUG [http-nio-8081-exec-262] u.s.security.JwtAuthenticationFilter - No Authorization header or invalid format, proceeding without authentication
2025-10-24 13:12:01.700 DEBUG [http-nio-8081-exec-262] o.s.s.w.a.AnonymousAuthenticationFilter - Set SecurityContextHolder to anonymous SecurityContext
2025-10-24 13:12:00.720 DEBUG [http-nio-8081-exec-263] o.s.security.web.FilterChainProxy - Securing GET /:undefined
2025-10-24 13:12:01.709 DEBUG [http-nio-8081-exec-263] u.s.security.JwtAuthenticationFilter - No Authorization header or invalid format, proceeding without authentication
2025-10-24 13:12:00.729 DEBUG [http-nio-8081-exec-264] o.s.security.web.FilterChainProxy - Securing GET /
2025-10-24 13:12:01.709 DEBUG [http-nio-8081-exec-263] o.s.s.w.a.AnonymousAuthenticationFilter - Set SecurityContextHolder to anonymous SecurityContext
2025-10-24 13:12:01.709 DEBUG [http-nio-8081-exec-264] u.s.security.JwtAuthenticationFilter - No Authorization header or invalid format, proceeding without authentication
2025-10-24 13:12:01.709 DEBUG [http-nio-8081-exec-264] o.s.s.w.a.AnonymousAuthenticationFilter - Set SecurityContextHolder to anonymous SecurityContext
2025-10-24 13:12:00.733 DEBUG [http-nio-8081-exec-266] o.s.security.web.FilterChainProxy - Securing GET /:undefined
2025-10-24 13:12:01.711 DEBUG [http-nio-8081-exec-266] u.s.security.JwtAuthenticationFilter - No Authorization header or invalid format, proceeding without authentication
2025-10-24 13:12:01.711 DEBUG [http-nio-8081-exec-266] o.s.s.w.a.AnonymousAuthenticationFilter - Set SecurityContextHolder to anonymous SecurityContext
2025-10-24 13:12:01.711 DEBUG [http-nio-8081-exec-264] o.s.s.w.a.Http403ForbiddenEntryPoint - Pre-authenticated entry point called. Rejecting access
2025-10-24 13:12:01.711 DEBUG [http-nio-8081-exec-261] o.s.s.w.a.Http403ForbiddenEntryPoint - Pre-authenticated entry point called. Rejecting access
2025-10-24 13:12:01.711 DEBUG [http-nio-8081-exec-260] o.s.s.w.a.Http403ForbiddenEntryPoint - Pre-authenticated entry point called. Rejecting access
2025-10-24 13:12:01.713 DEBUG [http-nio-8081-exec-264] o.s.security.web.FilterChainProxy - Securing GET /error
2025-10-24 13:12:01.713 DEBUG [http-nio-8081-exec-260] o.s.security.web.FilterChainProxy - Securing GET /error
2025-10-24 13:12:01.713 DEBUG [http-nio-8081-exec-264] o.s.s.w.a.AnonymousAuthenticationFilter - Set SecurityContextHolder to anonymous SecurityContext
2025-10-24 13:12:01.713 DEBUG [http-nio-8081-exec-264] o.s.s.w.a.Http403ForbiddenEntryPoint - Pre-authenticated entry point called. Rejecting access
2025-10-24 13:12:01.714 DEBUG [http-nio-8081-exec-258] o.s.s.w.a.Http403ForbiddenEntryPoint - Pre-authenticated entry point called. Rejecting access
2025-10-24 13:12:00.738 DEBUG [http-nio-8081-exec-267] o.s.security.web.FilterChainProxy - Securing GET /
2025-10-24 13:12:00.743 DEBUG [http-nio-8081-exec-265] o.s.security.web.FilterChainProxy - Securing GET /
2025-10-24 13:12:00.746 DEBUG [http-nio-8081-exec-269] o.s.security.web.FilterChainProxy - Securing GET /
2025-10-24 13:12:01.716 DEBUG [http-nio-8081-exec-267] u.s.security.JwtAuthenticationFilter - No Authorization header or invalid format, proceeding without authentication
2025-10-24 13:12:00.747 DEBUG [http-nio-8081-exec-268] o.s.security.web.FilterChainProxy - Securing GET /:undefined
2025-10-24 13:12:01.716 DEBUG [http-nio-8081-exec-269] u.s.security.JwtAuthenticationFilter - No Authorization header or invalid format, proceeding without authentication
2025-10-24 13:12:01.716 DEBUG [http-nio-8081-exec-268] u.s.security.JwtAuthenticationFilter - No Authorization header or invalid format, proceeding without authentication
2025-10-24 13:12:01.716 DEBUG [http-nio-8081-exec-268] o.s.s.w.a.AnonymousAuthenticationFilter - Set SecurityContextHolder to anonymous SecurityContext
2025-10-24 13:12:01.716 DEBUG [http-nio-8081-exec-267] o.s.s.w.a.AnonymousAuthenticationFilter - Set SecurityContextHolder to anonymous SecurityContext
2025-10-24 13:12:01.716 DEBUG [http-nio-8081-exec-267] o.s.s.w.a.Http403ForbiddenEntryPoint - Pre-authenticated entry point called. Rejecting access
2025-10-24 13:12:01.716 DEBUG [http-nio-8081-exec-268] o.s.s.w.a.Http403ForbiddenEntryPoint - Pre-authenticated entry point called. Rejecting access
2025-10-24 13:12:01.717 DEBUG [http-nio-8081-exec-268] o.s.security.web.FilterChainProxy - Securing GET /error
2025-10-24 13:12:01.717 DEBUG [http-nio-8081-exec-266] o.s.s.w.a.Http403ForbiddenEntryPoint - Pre-authenticated entry point called. Rejecting access
2025-10-24 13:12:01.717 DEBUG [http-nio-8081-exec-268] o.s.s.w.a.AnonymousAuthenticationFilter - Set SecurityContextHolder to anonymous SecurityContext
2025-10-24 13:12:01.717 DEBUG [http-nio-8081-exec-268] o.s.s.w.a.Http403ForbiddenEntryPoint - Pre-authenticated entry point called. Rejecting access
2025-10-24 13:12:01.717 DEBUG [http-nio-8081-exec-263] o.s.s.w.a.Http403ForbiddenEntryPoint - Pre-authenticated entry point called. Rejecting access
2025-10-24 13:12:01.717 DEBUG [http-nio-8081-exec-266] o.s.security.web.FilterChainProxy - Securing GET /error
2025-10-24 13:12:01.717 DEBUG [http-nio-8081-exec-266] o.s.s.w.a.AnonymousAuthenticationFilter - Set SecurityContextHolder to anonymous SecurityContext
2025-10-24 13:12:01.717 DEBUG [http-nio-8081-exec-262] o.s.s.w.a.Http403ForbiddenEntryPoint - Pre-authenticated entry point called. Rejecting access
2025-10-24 13:12:01.719 DEBUG [http-nio-8081-exec-266] o.s.s.w.a.Http403ForbiddenEntryPoint - Pre-authenticated entry point called. Rejecting access
2025-10-24 13:12:01.719 DEBUG [http-nio-8081-exec-262] o.s.security.web.FilterChainProxy - Securing GET /error
2025-10-24 13:12:01.719 DEBUG [http-nio-8081-exec-262] o.s.s.w.a.AnonymousAuthenticationFilter - Set SecurityContextHolder to anonymous SecurityContext
2025-10-24 13:12:01.719 DEBUG [http-nio-8081-exec-262] o.s.s.w.a.Http403ForbiddenEntryPoint - Pre-authenticated entry point called. Rejecting access
2025-10-24 13:12:01.720 DEBUG [http-nio-8081-exec-263] o.s.security.web.FilterChainProxy - Securing GET /error
2025-10-24 13:12:01.720 DEBUG [http-nio-8081-exec-263] o.s.s.w.a.AnonymousAuthenticationFilter - Set SecurityContextHolder to anonymous SecurityContext
2025-10-24 13:12:01.720 DEBUG [http-nio-8081-exec-263] o.s.s.w.a.Http403ForbiddenEntryPoint - Pre-authenticated entry point called. Rejecting access
2025-10-24 13:12:01.720 DEBUG [http-nio-8081-exec-259] o.s.s.w.a.Http403ForbiddenEntryPoint - Pre-authenticated entry point called. Rejecting access
2025-10-24 13:12:01.720 DEBUG [http-nio-8081-exec-255] o.s.s.w.a.Http403ForbiddenEntryPoint - Pre-authenticated entry point called. Rejecting access
2025-10-24 13:12:01.721 DEBUG [http-nio-8081-exec-259] o.s.security.web.FilterChainProxy - Securing GET /error
2025-10-24 13:12:01.721 DEBUG [http-nio-8081-exec-259] o.s.s.w.a.AnonymousAuthenticationFilter - Set SecurityContextHolder to anonymous SecurityContext
2025-10-24 13:12:01.721 DEBUG [http-nio-8081-exec-259] o.s.s.w.a.Http403ForbiddenEntryPoint - Pre-authenticated entry point called. Rejecting access
2025-10-24 13:12:00.747 DEBUG [http-nio-8081-exec-270] o.s.security.web.FilterChainProxy - Securing GET /:undefined
2025-10-24 13:12:01.721 DEBUG [http-nio-8081-exec-270] u.s.security.JwtAuthenticationFilter - No Authorization header or invalid format, proceeding without authentication
2025-10-24 13:12:01.721 DEBUG [http-nio-8081-exec-270] o.s.s.w.a.AnonymousAuthenticationFilter - Set SecurityContextHolder to anonymous SecurityContext
2025-10-24 13:12:01.721 DEBUG [http-nio-8081-exec-270] o.s.s.w.a.Http403ForbiddenEntryPoint - Pre-authenticated entry point called. Rejecting access
2025-10-24 13:12:01.722 DEBUG [http-nio-8081-exec-270] o.s.security.web.FilterChainProxy - Securing GET /error
2025-10-24 13:12:01.722 DEBUG [http-nio-8081-exec-270] o.s.s.w.a.AnonymousAuthenticationFilter - Set SecurityContextHolder to anonymous SecurityContext
2025-10-24 13:12:01.722 DEBUG [http-nio-8081-exec-270] o.s.s.w.a.Http403ForbiddenEntryPoint - Pre-authenticated entry point called. Rejecting access
2025-10-24 13:12:01.717 DEBUG [http-nio-8081-exec-267] o.s.security.web.FilterChainProxy - Securing GET /error
2025-10-24 13:12:01.723 DEBUG [http-nio-8081-exec-267] o.s.s.w.a.AnonymousAuthenticationFilter - Set SecurityContextHolder to anonymous SecurityContext
2025-10-24 13:12:01.723 DEBUG [http-nio-8081-exec-267] o.s.s.w.a.Http403ForbiddenEntryPoint - Pre-authenticated entry point called. Rejecting access
2025-10-24 13:12:00.758 DEBUG [http-nio-8081-exec-271] o.s.security.web.FilterChainProxy - Securing GET /:undefined
2025-10-24 13:12:00.762 DEBUG [http-nio-8081-exec-273] o.s.security.web.FilterChainProxy - Securing GET /
2025-10-24 13:12:00.762 DEBUG [http-nio-8081-exec-272] o.s.security.web.FilterChainProxy - Securing GET /:undefined
2025-10-24 13:12:01.726 DEBUG [http-nio-8081-exec-273] u.s.security.JwtAuthenticationFilter - No Authorization header or invalid format, proceeding without authentication
2025-10-24 13:12:01.726 DEBUG [http-nio-8081-exec-272] u.s.security.JwtAuthenticationFilter - No Authorization header or invalid format, proceeding without authentication
2025-10-24 13:12:01.726 DEBUG [http-nio-8081-exec-273] o.s.s.w.a.AnonymousAuthenticationFilter - Set SecurityContextHolder to anonymous SecurityContext
2025-10-24 13:12:01.727 DEBUG [http-nio-8081-exec-273] o.s.s.w.a.Http403ForbiddenEntryPoint - Pre-authenticated entry point called. Rejecting access
2025-10-24 13:12:00.771 DEBUG [http-nio-8081-exec-274] o.s.security.web.FilterChainProxy - Securing GET /
2025-10-24 13:12:01.727 DEBUG [http-nio-8081-exec-274] u.s.security.JwtAuthenticationFilter - No Authorization header or invalid format, proceeding without authentication
2025-10-24 13:12:00.784 DEBUG [http-nio-8081-exec-275] o.s.security.web.FilterChainProxy - Securing GET /
2025-10-24 13:12:00.793 DEBUG [http-nio-8081-exec-276] o.s.security.web.FilterChainProxy - Securing GET /:undefined
2025-10-24 13:12:00.807 DEBUG [http-nio-8081-exec-277] o.s.security.web.FilterChainProxy - Securing GET /:undefined
2025-10-24 13:12:01.727 DEBUG [http-nio-8081-exec-276] u.s.security.JwtAuthenticationFilter - No Authorization header or invalid format, proceeding without authentication
2025-10-24 13:12:01.727 DEBUG [http-nio-8081-exec-277] u.s.security.JwtAuthenticationFilter - No Authorization header or invalid format, proceeding without authentication
2025-10-24 13:12:01.727 DEBUG [http-nio-8081-exec-276] o.s.s.w.a.AnonymousAuthenticationFilter - Set SecurityContextHolder to anonymous SecurityContext
2025-10-24 13:12:01.727 DEBUG [http-nio-8081-exec-274] o.s.s.w.a.AnonymousAuthenticationFilter - Set SecurityContextHolder to anonymous SecurityContext
2025-10-24 13:12:01.727 DEBUG [http-nio-8081-exec-274] o.s.s.w.a.Http403ForbiddenEntryPoint - Pre-authenticated entry point called. Rejecting access
2025-10-24 13:12:00.807 DEBUG [http-nio-8081-exec-278] o.s.security.web.FilterChainProxy - Securing GET /
2025-10-24 13:12:01.728 DEBUG [http-nio-8081-exec-278] u.s.security.JwtAuthenticationFilter - No Authorization header or invalid format, proceeding without authentication
2025-10-24 13:12:01.728 DEBUG [http-nio-8081-exec-278] o.s.s.w.a.AnonymousAuthenticationFilter - Set SecurityContextHolder to anonymous SecurityContext
2025-10-24 13:12:01.728 DEBUG [http-nio-8081-exec-278] o.s.s.w.a.Http403ForbiddenEntryPoint - Pre-authenticated entry point called. Rejecting access
2025-10-24 13:12:01.729 DEBUG [http-nio-8081-exec-278] o.s.security.web.FilterChainProxy - Securing GET /error
2025-10-24 13:12:01.729 DEBUG [http-nio-8081-exec-278] o.s.s.w.a.AnonymousAuthenticationFilter - Set SecurityContextHolder to anonymous SecurityContext
2025-10-24 13:12:01.729 DEBUG [http-nio-8081-exec-278] o.s.s.w.a.Http403ForbiddenEntryPoint - Pre-authenticated entry point called. Rejecting access
2025-10-24 13:12:01.727 DEBUG [http-nio-8081-exec-275] u.s.security.JwtAuthenticationFilter - No Authorization header or invalid format, proceeding without authentication
2025-10-24 13:12:01.727 DEBUG [http-nio-8081-exec-273] o.s.security.web.FilterChainProxy - Securing GET /error
2025-10-24 13:12:01.727 DEBUG [http-nio-8081-exec-276] o.s.s.w.a.Http403ForbiddenEntryPoint - Pre-authenticated entry point called. Rejecting access
2025-10-24 13:12:00.812 DEBUG [http-nio-8081-exec-279] o.s.security.web.FilterChainProxy - Securing GET /:undefined
2025-10-24 13:12:01.729 DEBUG [http-nio-8081-exec-273] o.s.s.w.a.AnonymousAuthenticationFilter - Set SecurityContextHolder to anonymous SecurityContext
2025-10-24 13:12:01.728 DEBUG [http-nio-8081-exec-274] o.s.security.web.FilterChainProxy - Securing GET /error
2025-10-24 13:12:01.730 DEBUG [http-nio-8081-exec-274] o.s.s.w.a.AnonymousAuthenticationFilter - Set SecurityContextHolder to anonymous SecurityContext
2025-10-24 13:12:01.729 DEBUG [http-nio-8081-exec-275] o.s.s.w.a.AnonymousAuthenticationFilter - Set SecurityContextHolder to anonymous SecurityContext
2025-10-24 13:12:01.730 DEBUG [http-nio-8081-exec-274] o.s.s.w.a.Http403ForbiddenEntryPoint - Pre-authenticated entry point called. Rejecting access
2025-10-24 13:12:01.730 DEBUG [http-nio-8081-exec-275] o.s.s.w.a.Http403ForbiddenEntryPoint - Pre-authenticated entry point called. Rejecting access
2025-10-24 13:12:01.730 DEBUG [http-nio-8081-exec-273] o.s.s.w.a.Http403ForbiddenEntryPoint - Pre-authenticated entry point called. Rejecting access
2025-10-24 13:12:01.730 DEBUG [http-nio-8081-exec-276] o.s.security.web.FilterChainProxy - Securing GET /error
2025-10-24 13:12:01.730 DEBUG [http-nio-8081-exec-276] o.s.s.w.a.AnonymousAuthenticationFilter - Set SecurityContextHolder to anonymous SecurityContext
2025-10-24 13:12:01.730 DEBUG [http-nio-8081-exec-276] o.s.s.w.a.Http403ForbiddenEntryPoint - Pre-authenticated entry point called. Rejecting access
2025-10-24 13:12:01.730 DEBUG [http-nio-8081-exec-275] o.s.security.web.FilterChainProxy - Securing GET /error
2025-10-24 13:12:01.730 DEBUG [http-nio-8081-exec-275] o.s.s.w.a.AnonymousAuthenticationFilter - Set SecurityContextHolder to anonymous SecurityContext
2025-10-24 13:12:01.730 DEBUG [http-nio-8081-exec-275] o.s.s.w.a.Http403ForbiddenEntryPoint - Pre-authenticated entry point called. Rejecting access
2025-10-24 13:12:01.730 DEBUG [http-nio-8081-exec-279] u.s.security.JwtAuthenticationFilter - No Authorization header or invalid format, proceeding without authentication
2025-10-24 13:12:00.822 INFO  [http-nio-8081-exec-281] o.a.coyote.http11.Http11Processor - Error parsing HTTP request header
 Note: further occurrences of HTTP request parsing errors will be logged at DEBUG level.
java.lang.IllegalArgumentException: Invalid character found in the request target [/js/?${jndi:dns://MDEDiscovery2d7ebdf2dfSeenInTheWildGet-8081} ]. The valid characters are defined in RFC 7230 and RFC 3986
	at org.apache.coyote.http11.Http11InputBuffer.parseRequestLine(Http11InputBuffer.java:478) ~[tomcat-embed-core-10.1.46.jar:10.1.46]
	at org.apache.coyote.http11.Http11Processor.service(Http11Processor.java:271) ~[tomcat-embed-core-10.1.46.jar:10.1.46]
	at org.apache.coyote.AbstractProcessorLight.process(AbstractProcessorLight.java:63) ~[tomcat-embed-core-10.1.46.jar:10.1.46]
	at org.apache.coyote.AbstractProtocol$ConnectionHandler.process(AbstractProtocol.java:903) ~[tomcat-embed-core-10.1.46.jar:10.1.46]
	at org.apache.tomcat.util.net.NioEndpoint$SocketProcessor.doRun(NioEndpoint.java:1776) ~[tomcat-embed-core-10.1.46.jar:10.1.46]
	at org.apache.tomcat.util.net.SocketProcessorBase.run(SocketProcessorBase.java:52) ~[tomcat-embed-core-10.1.46.jar:10.1.46]
	at org.apache.tomcat.util.threads.ThreadPoolExecutor.runWorker(ThreadPoolExecutor.java:975) ~[tomcat-embed-core-10.1.46.jar:10.1.46]
	at org.apache.tomcat.util.threads.ThreadPoolExecutor$Worker.run(ThreadPoolExecutor.java:493) ~[tomcat-embed-core-10.1.46.jar:10.1.46]
	at org.apache.tomcat.util.threads.TaskThread$WrappingRunnable.run(TaskThread.java:63) ~[tomcat-embed-core-10.1.46.jar:10.1.46]
	at java.base/java.lang.Thread.run(Thread.java:1583) ~[na:na]
2025-10-24 13:12:00.826 DEBUG [http-nio-8081-exec-280] o.s.security.web.FilterChainProxy - Securing GET /
2025-10-24 13:12:01.733 DEBUG [http-nio-8081-exec-279] o.s.s.w.a.AnonymousAuthenticationFilter - Set SecurityContextHolder to anonymous SecurityContext
2025-10-24 13:12:01.733 DEBUG [http-nio-8081-exec-279] o.s.s.w.a.Http403ForbiddenEntryPoint - Pre-authenticated entry point called. Rejecting access
2025-10-24 13:12:00.833 DEBUG [http-nio-8081-exec-282] o.s.security.web.FilterChainProxy - Securing GET /:undefined
2025-10-24 13:12:01.734 DEBUG [http-nio-8081-exec-282] u.s.security.JwtAuthenticationFilter - No Authorization header or invalid format, proceeding without authentication
2025-10-24 13:12:01.734 DEBUG [http-nio-8081-exec-282] o.s.s.w.a.AnonymousAuthenticationFilter - Set SecurityContextHolder to anonymous SecurityContext
2025-10-24 13:12:01.733 DEBUG [http-nio-8081-exec-280] u.s.security.JwtAuthenticationFilter - No Authorization header or invalid format, proceeding without authentication
2025-10-24 13:12:01.734 DEBUG [http-nio-8081-exec-282] o.s.s.w.a.Http403ForbiddenEntryPoint - Pre-authenticated entry point called. Rejecting access
2025-10-24 13:12:01.734 DEBUG [http-nio-8081-exec-280] o.s.s.w.a.AnonymousAuthenticationFilter - Set SecurityContextHolder to anonymous SecurityContext
2025-10-24 13:12:01.734 DEBUG [http-nio-8081-exec-280] o.s.s.w.a.Http403ForbiddenEntryPoint - Pre-authenticated entry point called. Rejecting access
2025-10-24 13:12:01.734 DEBUG [http-nio-8081-exec-279] o.s.security.web.FilterChainProxy - Securing GET /error
2025-10-24 13:12:00.870 DEBUG [http-nio-8081-exec-283] o.s.security.web.FilterChainProxy - Securing GET /
2025-10-24 13:12:01.735 DEBUG [http-nio-8081-exec-283] u.s.security.JwtAuthenticationFilter - No Authorization header or invalid format, proceeding without authentication
2025-10-24 13:12:01.735 DEBUG [http-nio-8081-exec-283] o.s.s.w.a.AnonymousAuthenticationFilter - Set SecurityContextHolder to anonymous SecurityContext
2025-10-24 13:12:01.734 DEBUG [http-nio-8081-exec-279] o.s.s.w.a.AnonymousAuthenticationFilter - Set SecurityContextHolder to anonymous SecurityContext
2025-10-24 13:12:00.878 DEBUG [http-nio-8081-exec-284] o.s.security.web.FilterChainProxy - Securing GET /
2025-10-24 13:12:00.911 DEBUG [http-nio-8081-exec-287] o.s.security.web.FilterChainProxy - Securing GET /
2025-10-24 13:12:01.735 DEBUG [http-nio-8081-exec-284] u.s.security.JwtAuthenticationFilter - No Authorization header or invalid format, proceeding without authentication
2025-10-24 13:12:01.735 DEBUG [http-nio-8081-exec-283] o.s.s.w.a.Http403ForbiddenEntryPoint - Pre-authenticated entry point called. Rejecting access
2025-10-24 13:12:01.033 DEBUG [http-nio-8081-exec-288] o.s.security.web.FilterChainProxy - Securing GET /:undefined
2025-10-24 13:12:00.881 INFO  [http-nio-8081-exec-286] o.a.coyote.http11.Http11Processor - Error parsing HTTP request header
 Note: further occurrences of HTTP request parsing errors will be logged at DEBUG level.
java.lang.IllegalArgumentException: Invalid character found in the request target [/api/v2/${jndi:dns://MDEDiscovery2d7ebdf2dfSeenInTheWildGet-8081} ]. The valid characters are defined in RFC 7230 and RFC 3986
	at org.apache.coyote.http11.Http11InputBuffer.parseRequestLine(Http11InputBuffer.java:486) ~[tomcat-embed-core-10.1.46.jar:10.1.46]
	at org.apache.coyote.http11.Http11Processor.service(Http11Processor.java:271) ~[tomcat-embed-core-10.1.46.jar:10.1.46]
	at org.apache.coyote.AbstractProcessorLight.process(AbstractProcessorLight.java:63) ~[tomcat-embed-core-10.1.46.jar:10.1.46]
	at org.apache.coyote.AbstractProtocol$ConnectionHandler.process(AbstractProtocol.java:903) ~[tomcat-embed-core-10.1.46.jar:10.1.46]
	at org.apache.tomcat.util.net.NioEndpoint$SocketProcessor.doRun(NioEndpoint.java:1776) ~[tomcat-embed-core-10.1.46.jar:10.1.46]
	at org.apache.tomcat.util.net.SocketProcessorBase.run(SocketProcessorBase.java:52) ~[tomcat-embed-core-10.1.46.jar:10.1.46]
	at org.apache.tomcat.util.threads.ThreadPoolExecutor.runWorker(ThreadPoolExecutor.java:975) ~[tomcat-embed-core-10.1.46.jar:10.1.46]
	at org.apache.tomcat.util.threads.ThreadPoolExecutor$Worker.run(ThreadPoolExecutor.java:493) ~[tomcat-embed-core-10.1.46.jar:10.1.46]
	at org.apache.tomcat.util.threads.TaskThread$WrappingRunnable.run(TaskThread.java:63) ~[tomcat-embed-core-10.1.46.jar:10.1.46]
	at java.base/java.lang.Thread.run(Thread.java:1583) ~[na:na]
2025-10-24 13:12:01.735 DEBUG [http-nio-8081-exec-288] u.s.security.JwtAuthenticationFilter - No Authorization header or invalid format, proceeding without authentication
2025-10-24 13:12:00.915 DEBUG [http-nio-8081-exec-285] o.s.security.web.FilterChainProxy - Securing GET /:undefined
2025-10-24 13:12:01.735 DEBUG [http-nio-8081-exec-288] o.s.s.w.a.AnonymousAuthenticationFilter - Set SecurityContextHolder to anonymous SecurityContext
2025-10-24 13:12:01.735 DEBUG [http-nio-8081-exec-283] o.s.security.web.FilterChainProxy - Securing GET /error
2025-10-24 13:12:01.735 DEBUG [http-nio-8081-exec-288] o.s.s.w.a.Http403ForbiddenEntryPoint - Pre-authenticated entry point called. Rejecting access
2025-10-24 13:12:01.735 DEBUG [http-nio-8081-exec-279] o.s.s.w.a.Http403ForbiddenEntryPoint - Pre-authenticated entry point called. Rejecting access
2025-10-24 13:12:01.033 INFO  [http-nio-8081-exec-289] o.a.coyote.http11.Http11Processor - Error parsing HTTP request header
 Note: further occurrences of HTTP request parsing errors will be logged at DEBUG level.
java.lang.IllegalArgumentException: Invalid character found in the request target [/api/?${jndi:dns://MDEDiscovery2d7ebdf2dfSeenInTheWildGet-8081} ]. The valid characters are defined in RFC 7230 and RFC 3986
	at org.apache.coyote.http11.Http11InputBuffer.parseRequestLine(Http11InputBuffer.java:478) ~[tomcat-embed-core-10.1.46.jar:10.1.46]
	at org.apache.coyote.http11.Http11Processor.service(Http11Processor.java:271) ~[tomcat-embed-core-10.1.46.jar:10.1.46]
	at org.apache.coyote.AbstractProcessorLight.process(AbstractProcessorLight.java:63) ~[tomcat-embed-core-10.1.46.jar:10.1.46]
	at org.apache.coyote.AbstractProtocol$ConnectionHandler.process(AbstractProtocol.java:903) ~[tomcat-embed-core-10.1.46.jar:10.1.46]
	at org.apache.tomcat.util.net.NioEndpoint$SocketProcessor.doRun(NioEndpoint.java:1776) ~[tomcat-embed-core-10.1.46.jar:10.1.46]
	at org.apache.tomcat.util.net.SocketProcessorBase.run(SocketProcessorBase.java:52) ~[tomcat-embed-core-10.1.46.jar:10.1.46]
	at org.apache.tomcat.util.threads.ThreadPoolExecutor.runWorker(ThreadPoolExecutor.java:975) ~[tomcat-embed-core-10.1.46.jar:10.1.46]
	at org.apache.tomcat.util.threads.ThreadPoolExecutor$Worker.run(ThreadPoolExecutor.java:493) ~[tomcat-embed-core-10.1.46.jar:10.1.46]
	at org.apache.tomcat.util.threads.TaskThread$WrappingRunnable.run(TaskThread.java:63) ~[tomcat-embed-core-10.1.46.jar:10.1.46]
	at java.base/java.lang.Thread.run(Thread.java:1583) ~[na:na]
2025-10-24 13:12:01.736 DEBUG [http-nio-8081-exec-288] o.s.security.web.FilterChainProxy - Securing GET /error
2025-10-24 13:12:01.736 DEBUG [http-nio-8081-exec-288] o.s.s.w.a.AnonymousAuthenticationFilter - Set SecurityContextHolder to anonymous SecurityContext
2025-10-24 13:12:01.736 DEBUG [http-nio-8081-exec-288] o.s.s.w.a.Http403ForbiddenEntryPoint - Pre-authenticated entry point called. Rejecting access
2025-10-24 13:12:01.033 DEBUG [http-nio-8081-exec-291] o.s.security.web.FilterChainProxy - Securing GET /
2025-10-24 13:12:01.735 DEBUG [http-nio-8081-exec-283] o.s.s.w.a.AnonymousAuthenticationFilter - Set SecurityContextHolder to anonymous SecurityContext
2025-10-24 13:12:01.736 DEBUG [http-nio-8081-exec-283] o.s.s.w.a.Http403ForbiddenEntryPoint - Pre-authenticated entry point called. Rejecting access
2025-10-24 13:12:01.081 DEBUG [http-nio-8081-exec-298] o.s.security.web.FilterChainProxy - Securing GET /:undefined
2025-10-24 13:12:01.737 DEBUG [http-nio-8081-exec-298] u.s.security.JwtAuthenticationFilter - No Authorization header or invalid format, proceeding without authentication
2025-10-24 13:12:01.737 DEBUG [http-nio-8081-exec-298] o.s.s.w.a.AnonymousAuthenticationFilter - Set SecurityContextHolder to anonymous SecurityContext
2025-10-24 13:12:01.737 DEBUG [http-nio-8081-exec-298] o.s.s.w.a.Http403ForbiddenEntryPoint - Pre-authenticated entry point called. Rejecting access
2025-10-24 13:12:01.033 DEBUG [http-nio-8081-exec-290] o.s.security.web.FilterChainProxy - Securing GET /:undefined
2025-10-24 13:12:01.737 DEBUG [http-nio-8081-exec-290] u.s.security.JwtAuthenticationFilter - No Authorization header or invalid format, proceeding without authentication
2025-10-24 13:12:01.737 DEBUG [http-nio-8081-exec-290] o.s.s.w.a.AnonymousAuthenticationFilter - Set SecurityContextHolder to anonymous SecurityContext
2025-10-24 13:12:01.092 DEBUG [http-nio-8081-exec-299] o.s.security.web.FilterChainProxy - Securing GET /:undefined
2025-10-24 13:12:01.104 DEBUG [http-nio-8081-exec-292] o.s.security.web.FilterChainProxy - Securing GET /:undefined
2025-10-24 13:12:01.110 DEBUG [http-nio-8081-exec-296] o.s.security.web.FilterChainProxy - Securing GET /
2025-10-24 13:12:01.737 DEBUG [http-nio-8081-exec-299] u.s.security.JwtAuthenticationFilter - No Authorization header or invalid format, proceeding without authentication
2025-10-24 13:12:01.737 DEBUG [http-nio-8081-exec-299] o.s.s.w.a.AnonymousAuthenticationFilter - Set SecurityContextHolder to anonymous SecurityContext
2025-10-24 13:12:01.737 DEBUG [http-nio-8081-exec-292] u.s.security.JwtAuthenticationFilter - No Authorization header or invalid format, proceeding without authentication
2025-10-24 13:12:01.737 DEBUG [http-nio-8081-exec-292] o.s.s.w.a.AnonymousAuthenticationFilter - Set SecurityContextHolder to anonymous SecurityContext
2025-10-24 13:12:01.737 DEBUG [http-nio-8081-exec-299] o.s.s.w.a.Http403ForbiddenEntryPoint - Pre-authenticated entry point called. Rejecting access
2025-10-24 13:12:01.737 DEBUG [http-nio-8081-exec-292] o.s.s.w.a.Http403ForbiddenEntryPoint - Pre-authenticated entry point called. Rejecting access
2025-10-24 13:12:01.049 DEBUG [http-nio-8081-exec-294] o.s.security.web.FilterChainProxy - Securing GET /
2025-10-24 13:12:01.738 DEBUG [http-nio-8081-exec-292] o.s.security.web.FilterChainProxy - Securing GET /error
2025-10-24 13:12:01.129 DEBUG [http-nio-8081-exec-302] o.s.security.web.FilterChainProxy - Securing GET /
2025-10-24 13:12:01.132 DEBUG [http-nio-8081-exec-301] o.s.security.web.FilterChainProxy - Securing GET /
2025-10-24 13:12:01.738 DEBUG [http-nio-8081-exec-292] o.s.s.w.a.AnonymousAuthenticationFilter - Set SecurityContextHolder to anonymous SecurityContext
2025-10-24 13:12:01.738 DEBUG [http-nio-8081-exec-299] o.s.security.web.FilterChainProxy - Securing GET /error
2025-10-24 13:12:01.738 DEBUG [http-nio-8081-exec-302] u.s.security.JwtAuthenticationFilter - No Authorization header or invalid format, proceeding without authentication
2025-10-24 13:12:01.738 DEBUG [http-nio-8081-exec-302] o.s.s.w.a.AnonymousAuthenticationFilter - Set SecurityContextHolder to anonymous SecurityContext
2025-10-24 13:12:01.738 DEBUG [http-nio-8081-exec-292] o.s.s.w.a.Http403ForbiddenEntryPoint - Pre-authenticated entry point called. Rejecting access
2025-10-24 13:12:01.738 DEBUG [http-nio-8081-exec-302] o.s.s.w.a.Http403ForbiddenEntryPoint - Pre-authenticated entry point called. Rejecting access
2025-10-24 13:12:01.736 DEBUG [http-nio-8081-exec-291] u.s.security.JwtAuthenticationFilter - No Authorization header or invalid format, proceeding without authentication
2025-10-24 13:12:01.116 DEBUG [http-nio-8081-exec-297] o.s.security.web.FilterChainProxy - Securing GET /:undefined
2025-10-24 13:12:01.122 DEBUG [http-nio-8081-exec-300] o.s.security.web.FilterChainProxy - Securing GET /login
2025-10-24 13:12:01.738 DEBUG [http-nio-8081-exec-297] u.s.security.JwtAuthenticationFilter - No Authorization header or invalid format, proceeding without authentication
2025-10-24 13:12:01.136 DEBUG [http-nio-8081-exec-303] o.s.security.web.FilterChainProxy - Securing GET /
2025-10-24 13:12:01.737 DEBUG [http-nio-8081-exec-296] u.s.security.JwtAuthenticationFilter - No Authorization header or invalid format, proceeding without authentication
2025-10-24 13:12:01.738 DEBUG [http-nio-8081-exec-298] o.s.security.web.FilterChainProxy - Securing GET /error
2025-10-24 13:12:01.141 DEBUG [http-nio-8081-exec-304] o.s.security.web.FilterChainProxy - Securing GET /:undefined
2025-10-24 13:12:01.739 DEBUG [http-nio-8081-exec-298] o.s.s.w.a.AnonymousAuthenticationFilter - Set SecurityContextHolder to anonymous SecurityContext
2025-10-24 13:12:01.053 INFO  [http-nio-8081-exec-295] o.a.coyote.http11.Http11Processor - Error parsing HTTP request header
 Note: further occurrences of HTTP request parsing errors will be logged at DEBUG level.
java.lang.IllegalArgumentException: Invalid character found in the request target [/index.html?${jndi:dns://MDEDiscovery2d7ebdf2dfSeenInTheWildGet-8081} ]. The valid characters are defined in RFC 7230 and RFC 3986
	at org.apache.coyote.http11.Http11InputBuffer.parseRequestLine(Http11InputBuffer.java:478) ~[tomcat-embed-core-10.1.46.jar:10.1.46]
	at org.apache.coyote.http11.Http11Processor.service(Http11Processor.java:271) ~[tomcat-embed-core-10.1.46.jar:10.1.46]
	at org.apache.coyote.AbstractProcessorLight.process(AbstractProcessorLight.java:63) ~[tomcat-embed-core-10.1.46.jar:10.1.46]
	at org.apache.coyote.AbstractProtocol$ConnectionHandler.process(AbstractProtocol.java:903) ~[tomcat-embed-core-10.1.46.jar:10.1.46]
	at org.apache.tomcat.util.net.NioEndpoint$SocketProcessor.doRun(NioEndpoint.java:1776) ~[tomcat-embed-core-10.1.46.jar:10.1.46]
	at org.apache.tomcat.util.net.SocketProcessorBase.run(SocketProcessorBase.java:52) ~[tomcat-embed-core-10.1.46.jar:10.1.46]
	at org.apache.tomcat.util.threads.ThreadPoolExecutor.runWorker(ThreadPoolExecutor.java:975) ~[tomcat-embed-core-10.1.46.jar:10.1.46]
	at org.apache.tomcat.util.threads.ThreadPoolExecutor$Worker.run(ThreadPoolExecutor.java:493) ~[tomcat-embed-core-10.1.46.jar:10.1.46]
	at org.apache.tomcat.util.threads.TaskThread$WrappingRunnable.run(TaskThread.java:63) ~[tomcat-embed-core-10.1.46.jar:10.1.46]
	at java.base/java.lang.Thread.run(Thread.java:1583) ~[na:na]
2025-10-24 13:12:01.739 DEBUG [http-nio-8081-exec-298] o.s.s.w.a.Http403ForbiddenEntryPoint - Pre-authenticated entry point called. Rejecting access
2025-10-24 13:12:01.738 DEBUG [http-nio-8081-exec-290] o.s.s.w.a.Http403ForbiddenEntryPoint - Pre-authenticated entry point called. Rejecting access
2025-10-24 13:12:01.135 DEBUG [http-nio-8081-exec-293] o.s.security.web.FilterChainProxy - Securing GET /
2025-10-24 13:12:01.739 DEBUG [http-nio-8081-exec-293] u.s.security.JwtAuthenticationFilter - No Authorization header or invalid format, proceeding without authentication
2025-10-24 13:12:01.148 DEBUG [http-nio-8081-exec-306] o.s.security.web.FilterChainProxy - Securing GET /:undefined
2025-10-24 13:12:01.158 DEBUG [http-nio-8081-exec-309] o.s.security.web.FilterChainProxy - Securing GET /:undefined
2025-10-24 13:12:01.164 DEBUG [http-nio-8081-exec-308] o.s.security.web.FilterChainProxy - Securing GET /:undefined
2025-10-24 13:12:01.739 DEBUG [http-nio-8081-exec-306] u.s.security.JwtAuthenticationFilter - No Authorization header or invalid format, proceeding without authentication
2025-10-24 13:12:01.739 DEBUG [http-nio-8081-exec-309] u.s.security.JwtAuthenticationFilter - No Authorization header or invalid format, proceeding without authentication
2025-10-24 13:12:01.172 DEBUG [http-nio-8081-exec-307] o.s.security.web.FilterChainProxy - Securing GET /:undefined
2025-10-24 13:12:01.739 DEBUG [http-nio-8081-exec-309] o.s.s.w.a.AnonymousAuthenticationFilter - Set SecurityContextHolder to anonymous SecurityContext
2025-10-24 13:12:01.739 DEBUG [http-nio-8081-exec-308] u.s.security.JwtAuthenticationFilter - No Authorization header or invalid format, proceeding without authentication
2025-10-24 13:12:01.739 DEBUG [http-nio-8081-exec-308] o.s.s.w.a.AnonymousAuthenticationFilter - Set SecurityContextHolder to anonymous SecurityContext
2025-10-24 13:12:01.740 DEBUG [http-nio-8081-exec-308] o.s.s.w.a.Http403ForbiddenEntryPoint - Pre-authenticated entry point called. Rejecting access
2025-10-24 13:12:01.740 DEBUG [http-nio-8081-exec-309] o.s.s.w.a.Http403ForbiddenEntryPoint - Pre-authenticated entry point called. Rejecting access
2025-10-24 13:12:01.184 DEBUG [http-nio-8081-exec-311] o.s.security.web.FilterChainProxy - Securing GET /
2025-10-24 13:12:01.188 DEBUG [http-nio-8081-exec-312] o.s.security.web.FilterChainProxy - Securing POST /
2025-10-24 13:12:01.740 DEBUG [http-nio-8081-exec-311] u.s.security.JwtAuthenticationFilter - No Authorization header or invalid format, proceeding without authentication
2025-10-24 13:12:01.740 DEBUG [http-nio-8081-exec-312] u.s.security.JwtAuthenticationFilter - No Authorization header or invalid format, proceeding without authentication
2025-10-24 13:12:01.199 DEBUG [http-nio-8081-exec-314] o.s.security.web.FilterChainProxy - Securing GET /
2025-10-24 13:12:01.740 DEBUG [http-nio-8081-exec-312] o.s.s.w.a.AnonymousAuthenticationFilter - Set SecurityContextHolder to anonymous SecurityContext
2025-10-24 13:12:01.740 DEBUG [http-nio-8081-exec-314] u.s.security.JwtAuthenticationFilter - No Authorization header or invalid format, proceeding without authentication
2025-10-24 13:12:01.740 DEBUG [http-nio-8081-exec-308] o.s.security.web.FilterChainProxy - Securing GET /error
2025-10-24 13:12:01.738 DEBUG [http-nio-8081-exec-299] o.s.s.w.a.AnonymousAuthenticationFilter - Set SecurityContextHolder to anonymous SecurityContext
2025-10-24 13:12:01.740 DEBUG [http-nio-8081-exec-308] o.s.s.w.a.AnonymousAuthenticationFilter - Set SecurityContextHolder to anonymous SecurityContext
2025-10-24 13:12:01.211 DEBUG [http-nio-8081-exec-313] o.s.security.web.FilterChainProxy - Securing GET /
2025-10-24 13:12:01.740 DEBUG [http-nio-8081-exec-314] o.s.s.w.a.AnonymousAuthenticationFilter - Set SecurityContextHolder to anonymous SecurityContext
2025-10-24 13:12:01.740 DEBUG [http-nio-8081-exec-313] u.s.security.JwtAuthenticationFilter - No Authorization header or invalid format, proceeding without authentication
2025-10-24 13:12:01.738 DEBUG [http-nio-8081-exec-291] o.s.s.w.a.AnonymousAuthenticationFilter - Set SecurityContextHolder to anonymous SecurityContext
2025-10-24 13:12:01.740 DEBUG [http-nio-8081-exec-313] o.s.s.w.a.AnonymousAuthenticationFilter - Set SecurityContextHolder to anonymous SecurityContext
2025-10-24 13:12:01.740 DEBUG [http-nio-8081-exec-314] o.s.s.w.a.Http403ForbiddenEntryPoint - Pre-authenticated entry point called. Rejecting access
2025-10-24 13:12:01.740 DEBUG [http-nio-8081-exec-308] o.s.s.w.a.Http403ForbiddenEntryPoint - Pre-authenticated entry point called. Rejecting access
2025-10-24 13:12:01.740 DEBUG [http-nio-8081-exec-291] o.s.s.w.a.Http403ForbiddenEntryPoint - Pre-authenticated entry point called. Rejecting access
2025-10-24 13:12:01.740 DEBUG [http-nio-8081-exec-291] o.s.security.web.FilterChainProxy - Securing GET /error
2025-10-24 13:12:01.740 DEBUG [http-nio-8081-exec-291] o.s.s.w.a.AnonymousAuthenticationFilter - Set SecurityContextHolder to anonymous SecurityContext
2025-10-24 13:12:01.740 DEBUG [http-nio-8081-exec-291] o.s.s.w.a.Http403ForbiddenEntryPoint - Pre-authenticated entry point called. Rejecting access
2025-10-24 13:12:01.212 DEBUG [http-nio-8081-exec-315] o.s.security.web.FilterChainProxy - Securing POST /:undefined
2025-10-24 13:12:01.218 DEBUG [http-nio-8081-exec-317] o.s.security.web.FilterChainProxy - Securing GET /:undefined
2025-10-24 13:12:01.740 DEBUG [http-nio-8081-exec-315] u.s.security.JwtAuthenticationFilter - No Authorization header or invalid format, proceeding without authentication
2025-10-24 13:12:01.740 DEBUG [http-nio-8081-exec-315] o.s.s.w.a.AnonymousAuthenticationFilter - Set SecurityContextHolder to anonymous SecurityContext
2025-10-24 13:12:01.742 DEBUG [http-nio-8081-exec-315] o.s.s.w.a.Http403ForbiddenEntryPoint - Pre-authenticated entry point called. Rejecting access
2025-10-24 13:12:01.738 DEBUG [http-nio-8081-exec-302] o.s.security.web.FilterChainProxy - Securing GET /error
2025-10-24 13:12:01.141 DEBUG [http-nio-8081-exec-305] o.s.security.web.FilterChainProxy - Securing GET /
2025-10-24 13:12:01.742 DEBUG [http-nio-8081-exec-302] o.s.s.w.a.AnonymousAuthenticationFilter - Set SecurityContextHolder to anonymous SecurityContext
2025-10-24 13:12:01.742 DEBUG [http-nio-8081-exec-305] u.s.security.JwtAuthenticationFilter - No Authorization header or invalid format, proceeding without authentication
2025-10-24 13:12:01.739 DEBUG [http-nio-8081-exec-304] u.s.security.JwtAuthenticationFilter - No Authorization header or invalid format, proceeding without authentication
2025-10-24 13:12:01.742 DEBUG [http-nio-8081-exec-305] o.s.s.w.a.AnonymousAuthenticationFilter - Set SecurityContextHolder to anonymous SecurityContext
2025-10-24 13:12:01.742 DEBUG [http-nio-8081-exec-314] o.s.security.web.FilterChainProxy - Securing GET /error
2025-10-24 13:12:01.743 DEBUG [http-nio-8081-exec-314] o.s.s.w.a.AnonymousAuthenticationFilter - Set SecurityContextHolder to anonymous SecurityContext
2025-10-24 13:12:01.743 DEBUG [http-nio-8081-exec-314] o.s.s.w.a.Http403ForbiddenEntryPoint - Pre-authenticated entry point called. Rejecting access
2025-10-24 13:12:01.304 DEBUG [http-nio-8081-exec-330] o.s.security.web.FilterChainProxy - Securing GET /:undefined
2025-10-24 13:12:01.744 DEBUG [http-nio-8081-exec-330] u.s.security.JwtAuthenticationFilter - No Authorization header or invalid format, proceeding without authentication
2025-10-24 13:12:01.744 DEBUG [http-nio-8081-exec-330] o.s.s.w.a.AnonymousAuthenticationFilter - Set SecurityContextHolder to anonymous SecurityContext
2025-10-24 13:12:01.739 DEBUG [http-nio-8081-exec-307] u.s.security.JwtAuthenticationFilter - No Authorization header or invalid format, proceeding without authentication
2025-10-24 13:12:01.744 DEBUG [http-nio-8081-exec-330] o.s.s.w.a.Http403ForbiddenEntryPoint - Pre-authenticated entry point called. Rejecting access
2025-10-24 13:12:01.749 DEBUG [http-nio-8081-exec-330] o.s.security.web.FilterChainProxy - Securing GET /error
2025-10-24 13:12:01.749 DEBUG [http-nio-8081-exec-330] o.s.s.w.a.AnonymousAuthenticationFilter - Set SecurityContextHolder to anonymous SecurityContext
2025-10-24 13:12:01.750 DEBUG [http-nio-8081-exec-330] o.s.s.w.a.Http403ForbiddenEntryPoint - Pre-authenticated entry point called. Rejecting access
2025-10-24 13:12:01.176 DEBUG [http-nio-8081-exec-310] o.s.security.web.FilterChainProxy - Securing GET /
2025-10-24 13:12:01.751 DEBUG [http-nio-8081-exec-310] u.s.security.JwtAuthenticationFilter - No Authorization header or invalid format, proceeding without authentication
2025-10-24 13:12:01.752 DEBUG [http-nio-8081-exec-310] o.s.s.w.a.AnonymousAuthenticationFilter - Set SecurityContextHolder to anonymous SecurityContext
2025-10-24 13:12:01.752 DEBUG [http-nio-8081-exec-310] o.s.s.w.a.Http403ForbiddenEntryPoint - Pre-authenticated entry point called. Rejecting access
2025-10-24 13:12:01.313 DEBUG [http-nio-8081-exec-331] o.s.security.web.FilterChainProxy - Securing GET /:undefined
2025-10-24 13:12:01.333 DEBUG [http-nio-8081-exec-333] o.s.security.web.FilterChainProxy - Securing GET /
2025-10-24 13:12:01.752 DEBUG [http-nio-8081-exec-333] u.s.security.JwtAuthenticationFilter - No Authorization header or invalid format, proceeding without authentication
2025-10-24 13:12:01.740 DEBUG [http-nio-8081-exec-290] o.s.security.web.FilterChainProxy - Securing GET /error
2025-10-24 13:12:01.740 DEBUG [http-nio-8081-exec-309] o.s.security.web.FilterChainProxy - Securing GET /error
2025-10-24 13:12:01.740 DEBUG [http-nio-8081-exec-312] o.s.s.w.a.Http403ForbiddenEntryPoint - Pre-authenticated entry point called. Rejecting access
2025-10-24 13:12:01.752 DEBUG [http-nio-8081-exec-290] o.s.s.w.a.AnonymousAuthenticationFilter - Set SecurityContextHolder to anonymous SecurityContext
2025-10-24 13:12:01.752 DEBUG [http-nio-8081-exec-309] o.s.s.w.a.AnonymousAuthenticationFilter - Set SecurityContextHolder to anonymous SecurityContext
2025-10-24 13:12:01.752 DEBUG [http-nio-8081-exec-290] o.s.s.w.a.Http403ForbiddenEntryPoint - Pre-authenticated entry point called. Rejecting access
2025-10-24 13:12:01.752 DEBUG [http-nio-8081-exec-309] o.s.s.w.a.Http403ForbiddenEntryPoint - Pre-authenticated entry point called. Rejecting access
2025-10-24 13:12:01.753 DEBUG [http-nio-8081-exec-312] o.s.security.web.FilterChainProxy - Securing POST /error
2025-10-24 13:12:01.753 DEBUG [http-nio-8081-exec-312] o.s.s.w.a.AnonymousAuthenticationFilter - Set SecurityContextHolder to anonymous SecurityContext
2025-10-24 13:12:01.753 DEBUG [http-nio-8081-exec-312] o.s.s.w.a.Http403ForbiddenEntryPoint - Pre-authenticated entry point called. Rejecting access
2025-10-24 13:12:01.346 DEBUG [http-nio-8081-exec-332] o.s.security.web.FilterChainProxy - Securing GET /
2025-10-24 13:12:01.340 INFO  [http-nio-8081-exec-334] o.a.coyote.http11.Http11Processor - Error parsing HTTP request header
 Note: further occurrences of HTTP request parsing errors will be logged at DEBUG level.
java.lang.IllegalArgumentException: Invalid character found in the request target [/JSPWiki/wiki/${jndi:dns://MDEDiscovery2d7ebdf2dfApacheJspWiki-8081} ]. The valid characters are defined in RFC 7230 and RFC 3986
	at org.apache.coyote.http11.Http11InputBuffer.parseRequestLine(Http11InputBuffer.java:486) ~[tomcat-embed-core-10.1.46.jar:10.1.46]
	at org.apache.coyote.http11.Http11Processor.service(Http11Processor.java:271) ~[tomcat-embed-core-10.1.46.jar:10.1.46]
	at org.apache.coyote.AbstractProcessorLight.process(AbstractProcessorLight.java:63) ~[tomcat-embed-core-10.1.46.jar:10.1.46]
	at org.apache.coyote.AbstractProtocol$ConnectionHandler.process(AbstractProtocol.java:903) ~[tomcat-embed-core-10.1.46.jar:10.1.46]
	at org.apache.tomcat.util.net.NioEndpoint$SocketProcessor.doRun(NioEndpoint.java:1776) ~[tomcat-embed-core-10.1.46.jar:10.1.46]
	at org.apache.tomcat.util.net.SocketProcessorBase.run(SocketProcessorBase.java:52) ~[tomcat-embed-core-10.1.46.jar:10.1.46]
	at org.apache.tomcat.util.threads.ThreadPoolExecutor.runWorker(ThreadPoolExecutor.java:975) ~[tomcat-embed-core-10.1.46.jar:10.1.46]
	at org.apache.tomcat.util.threads.ThreadPoolExecutor$Worker.run(ThreadPoolExecutor.java:493) ~[tomcat-embed-core-10.1.46.jar:10.1.46]
	at org.apache.tomcat.util.threads.TaskThread$WrappingRunnable.run(TaskThread.java:63) ~[tomcat-embed-core-10.1.46.jar:10.1.46]
	at java.base/java.lang.Thread.run(Thread.java:1583) ~[na:na]
2025-10-24 13:12:01.754 DEBUG [http-nio-8081-exec-332] u.s.security.JwtAuthenticationFilter - No Authorization header or invalid format, proceeding without authentication
2025-10-24 13:12:01.754 DEBUG [http-nio-8081-exec-332] o.s.s.w.a.AnonymousAuthenticationFilter - Set SecurityContextHolder to anonymous SecurityContext
2025-10-24 13:12:01.755 DEBUG [http-nio-8081-exec-332] o.s.s.w.a.Http403ForbiddenEntryPoint - Pre-authenticated entry point called. Rejecting access
2025-10-24 13:12:01.755 DEBUG [http-nio-8081-exec-332] o.s.security.web.FilterChainProxy - Securing GET /error
2025-10-24 13:12:01.755 DEBUG [http-nio-8081-exec-332] o.s.s.w.a.AnonymousAuthenticationFilter - Set SecurityContextHolder to anonymous SecurityContext
2025-10-24 13:12:01.756 DEBUG [http-nio-8081-exec-332] o.s.s.w.a.Http403ForbiddenEntryPoint - Pre-authenticated entry point called. Rejecting access
2025-10-24 13:12:01.740 DEBUG [http-nio-8081-exec-299] o.s.s.w.a.Http403ForbiddenEntryPoint - Pre-authenticated entry point called. Rejecting access
2025-10-24 13:12:01.740 DEBUG [http-nio-8081-exec-317] u.s.security.JwtAuthenticationFilter - No Authorization header or invalid format, proceeding without authentication
2025-10-24 13:12:01.756 DEBUG [http-nio-8081-exec-317] o.s.s.w.a.AnonymousAuthenticationFilter - Set SecurityContextHolder to anonymous SecurityContext
2025-10-24 13:12:01.756 DEBUG [http-nio-8081-exec-317] o.s.s.w.a.Http403ForbiddenEntryPoint - Pre-authenticated entry point called. Rejecting access
2025-10-24 13:12:01.756 DEBUG [http-nio-8081-exec-317] o.s.security.web.FilterChainProxy - Securing GET /error
2025-10-24 13:12:01.355 DEBUG [http-nio-8081-exec-336] o.s.security.web.FilterChainProxy - Securing GET /:undefined
2025-10-24 13:12:01.756 DEBUG [http-nio-8081-exec-317] o.s.s.w.a.AnonymousAuthenticationFilter - Set SecurityContextHolder to anonymous SecurityContext
2025-10-24 13:12:01.756 DEBUG [http-nio-8081-exec-336] u.s.security.JwtAuthenticationFilter - No Authorization header or invalid format, proceeding without authentication
2025-10-24 13:12:01.358 DEBUG [http-nio-8081-exec-337] o.s.security.web.FilterChainProxy - Securing GET /:undefined
2025-10-24 13:12:01.758 DEBUG [http-nio-8081-exec-336] o.s.s.w.a.AnonymousAuthenticationFilter - Set SecurityContextHolder to anonymous SecurityContext
2025-10-24 13:12:01.758 DEBUG [http-nio-8081-exec-336] o.s.s.w.a.Http403ForbiddenEntryPoint - Pre-authenticated entry point called. Rejecting access
2025-10-24 13:12:01.758 DEBUG [http-nio-8081-exec-336] o.s.security.web.FilterChainProxy - Securing GET /error
2025-10-24 13:12:01.758 DEBUG [http-nio-8081-exec-336] o.s.s.w.a.AnonymousAuthenticationFilter - Set SecurityContextHolder to anonymous SecurityContext
2025-10-24 13:12:01.758 DEBUG [http-nio-8081-exec-336] o.s.s.w.a.Http403ForbiddenEntryPoint - Pre-authenticated entry point called. Rejecting access
2025-10-24 13:12:01.742 DEBUG [http-nio-8081-exec-315] o.s.security.web.FilterChainProxy - Securing POST /error
2025-10-24 13:12:01.742 DEBUG [http-nio-8081-exec-304] o.s.s.w.a.AnonymousAuthenticationFilter - Set SecurityContextHolder to anonymous SecurityContext
2025-10-24 13:12:01.761 DEBUG [http-nio-8081-exec-315] o.s.s.w.a.AnonymousAuthenticationFilter - Set SecurityContextHolder to anonymous SecurityContext
2025-10-24 13:12:01.761 DEBUG [http-nio-8081-exec-304] o.s.s.w.a.Http403ForbiddenEntryPoint - Pre-authenticated entry point called. Rejecting access
2025-10-24 13:12:01.761 DEBUG [http-nio-8081-exec-315] o.s.s.w.a.Http403ForbiddenEntryPoint - Pre-authenticated entry point called. Rejecting access
2025-10-24 13:12:01.762 DEBUG [http-nio-8081-exec-304] o.s.security.web.FilterChainProxy - Securing GET /error
2025-10-24 13:12:01.762 DEBUG [http-nio-8081-exec-304] o.s.s.w.a.AnonymousAuthenticationFilter - Set SecurityContextHolder to anonymous SecurityContext
2025-10-24 13:12:01.762 DEBUG [http-nio-8081-exec-304] o.s.s.w.a.Http403ForbiddenEntryPoint - Pre-authenticated entry point called. Rejecting access
2025-10-24 13:12:01.364 DEBUG [http-nio-8081-exec-338] o.s.security.web.FilterChainProxy - Securing GET /
2025-10-24 13:12:01.762 DEBUG [http-nio-8081-exec-338] u.s.security.JwtAuthenticationFilter - No Authorization header or invalid format, proceeding without authentication
2025-10-24 13:12:01.762 DEBUG [http-nio-8081-exec-338] o.s.s.w.a.AnonymousAuthenticationFilter - Set SecurityContextHolder to anonymous SecurityContext
2025-10-24 13:12:01.762 DEBUG [http-nio-8081-exec-338] o.s.s.w.a.Http403ForbiddenEntryPoint - Pre-authenticated entry point called. Rejecting access
2025-10-24 13:12:01.764 DEBUG [http-nio-8081-exec-331] u.s.security.JwtAuthenticationFilter - No Authorization header or invalid format, proceeding without authentication
2025-10-24 13:12:01.764 DEBUG [http-nio-8081-exec-338] o.s.security.web.FilterChainProxy - Securing GET /error
2025-10-24 13:12:01.764 DEBUG [http-nio-8081-exec-331] o.s.s.w.a.AnonymousAuthenticationFilter - Set SecurityContextHolder to anonymous SecurityContext
2025-10-24 13:12:01.764 DEBUG [http-nio-8081-exec-338] o.s.s.w.a.AnonymousAuthenticationFilter - Set SecurityContextHolder to anonymous SecurityContext
2025-10-24 13:12:01.764 DEBUG [http-nio-8081-exec-338] o.s.s.w.a.Http403ForbiddenEntryPoint - Pre-authenticated entry point called. Rejecting access
2025-10-24 13:12:01.742 DEBUG [http-nio-8081-exec-302] o.s.s.w.a.Http403ForbiddenEntryPoint - Pre-authenticated entry point called. Rejecting access
2025-10-24 13:12:01.369 DEBUG [http-nio-8081-exec-339] o.s.security.web.FilterChainProxy - Securing GET /webtools/control/main
2025-10-24 13:12:01.768 DEBUG [http-nio-8081-exec-339] u.s.security.JwtAuthenticationFilter - No Authorization header or invalid format, proceeding without authentication
2025-10-24 13:12:01.769 DEBUG [http-nio-8081-exec-339] o.s.s.w.a.AnonymousAuthenticationFilter - Set SecurityContextHolder to anonymous SecurityContext
2025-10-24 13:12:01.218 DEBUG [http-nio-8081-exec-318] o.s.security.web.FilterChainProxy - Securing GET /:undefined
2025-10-24 13:12:01.742 DEBUG [http-nio-8081-exec-300] u.s.security.JwtAuthenticationFilter - No Authorization header or invalid format, proceeding without authentication
2025-10-24 13:12:01.769 DEBUG [http-nio-8081-exec-300] o.s.s.w.a.AnonymousAuthenticationFilter - Set SecurityContextHolder to anonymous SecurityContext
2025-10-24 13:12:01.376 DEBUG [http-nio-8081-exec-342] o.s.security.web.FilterChainProxy - Securing GET /
2025-10-24 13:12:01.219 DEBUG [http-nio-8081-exec-316] o.s.security.web.FilterChainProxy - Securing GET /:undefined
2025-10-24 13:12:01.769 DEBUG [http-nio-8081-exec-342] u.s.security.JwtAuthenticationFilter - No Authorization header or invalid format, proceeding without authentication
2025-10-24 13:12:01.769 DEBUG [http-nio-8081-exec-342] o.s.s.w.a.AnonymousAuthenticationFilter - Set SecurityContextHolder to anonymous SecurityContext
2025-10-24 13:12:01.769 DEBUG [http-nio-8081-exec-316] u.s.security.JwtAuthenticationFilter - No Authorization header or invalid format, proceeding without authentication
2025-10-24 13:12:01.769 DEBUG [http-nio-8081-exec-316] o.s.s.w.a.AnonymousAuthenticationFilter - Set SecurityContextHolder to anonymous SecurityContext
2025-10-24 13:12:01.769 DEBUG [http-nio-8081-exec-342] o.s.s.w.a.Http403ForbiddenEntryPoint - Pre-authenticated entry point called. Rejecting access
2025-10-24 13:12:01.742 DEBUG [http-nio-8081-exec-305] o.s.s.w.a.Http403ForbiddenEntryPoint - Pre-authenticated entry point called. Rejecting access
2025-10-24 13:12:01.770 DEBUG [http-nio-8081-exec-300] o.s.s.w.a.Http403ForbiddenEntryPoint - Pre-authenticated entry point called. Rejecting access
2025-10-24 13:12:01.770 DEBUG [http-nio-8081-exec-300] o.s.security.web.FilterChainProxy - Securing GET /error
2025-10-24 13:12:01.770 DEBUG [http-nio-8081-exec-342] o.s.security.web.FilterChainProxy - Securing GET /error
2025-10-24 13:12:01.770 DEBUG [http-nio-8081-exec-300] o.s.s.w.a.AnonymousAuthenticationFilter - Set SecurityContextHolder to anonymous SecurityContext
2025-10-24 13:12:01.770 DEBUG [http-nio-8081-exec-300] o.s.s.w.a.Http403ForbiddenEntryPoint - Pre-authenticated entry point called. Rejecting access
2025-10-24 13:12:01.771 DEBUG [http-nio-8081-exec-339] o.s.s.w.a.Http403ForbiddenEntryPoint - Pre-authenticated entry point called. Rejecting access
2025-10-24 13:12:01.379 DEBUG [http-nio-8081-exec-343] o.s.security.web.FilterChainProxy - Securing GET /
2025-10-24 13:12:01.387 DEBUG [http-nio-8081-exec-345] o.s.security.web.FilterChainProxy - Securing GET /:undefined
2025-10-24 13:12:01.243 DEBUG [http-nio-8081-exec-319] o.s.security.web.FilterChainProxy - Securing GET /:undefined
2025-10-24 13:12:01.771 DEBUG [http-nio-8081-exec-319] u.s.security.JwtAuthenticationFilter - No Authorization header or invalid format, proceeding without authentication
2025-10-24 13:12:01.771 DEBUG [http-nio-8081-exec-319] o.s.s.w.a.AnonymousAuthenticationFilter - Set SecurityContextHolder to anonymous SecurityContext
2025-10-24 13:12:01.391 DEBUG [http-nio-8081-exec-344] o.s.security.web.FilterChainProxy - Securing GET /
2025-10-24 13:12:01.771 DEBUG [http-nio-8081-exec-344] u.s.security.JwtAuthenticationFilter - No Authorization header or invalid format, proceeding without authentication
2025-10-24 13:12:01.771 DEBUG [http-nio-8081-exec-319] o.s.s.w.a.Http403ForbiddenEntryPoint - Pre-authenticated entry point called. Rejecting access
2025-10-24 13:12:01.772 DEBUG [http-nio-8081-exec-319] o.s.security.web.FilterChainProxy - Securing GET /error
2025-10-24 13:12:01.772 DEBUG [http-nio-8081-exec-319] o.s.s.w.a.AnonymousAuthenticationFilter - Set SecurityContextHolder to anonymous SecurityContext
2025-10-24 13:12:01.772 DEBUG [http-nio-8081-exec-319] o.s.s.w.a.Http403ForbiddenEntryPoint - Pre-authenticated entry point called. Rejecting access
2025-10-24 13:12:01.773 DEBUG [http-nio-8081-exec-318] u.s.security.JwtAuthenticationFilter - No Authorization header or invalid format, proceeding without authentication
2025-10-24 13:12:01.773 DEBUG [http-nio-8081-exec-318] o.s.s.w.a.AnonymousAuthenticationFilter - Set SecurityContextHolder to anonymous SecurityContext
2025-10-24 13:12:01.773 DEBUG [http-nio-8081-exec-318] o.s.s.w.a.Http403ForbiddenEntryPoint - Pre-authenticated entry point called. Rejecting access
2025-10-24 13:12:01.774 DEBUG [http-nio-8081-exec-318] o.s.security.web.FilterChainProxy - Securing GET /error
2025-10-24 13:12:01.774 DEBUG [http-nio-8081-exec-318] o.s.s.w.a.AnonymousAuthenticationFilter - Set SecurityContextHolder to anonymous SecurityContext
2025-10-24 13:12:01.774 DEBUG [http-nio-8081-exec-318] o.s.s.w.a.Http403ForbiddenEntryPoint - Pre-authenticated entry point called. Rejecting access
2025-10-24 13:12:01.775 DEBUG [http-nio-8081-exec-339] o.s.security.web.FilterChainProxy - Securing GET /error
2025-10-24 13:12:01.775 DEBUG [http-nio-8081-exec-339] o.s.s.w.a.AnonymousAuthenticationFilter - Set SecurityContextHolder to anonymous SecurityContext
2025-10-24 13:12:01.775 DEBUG [http-nio-8081-exec-339] o.s.s.w.a.Http403ForbiddenEntryPoint - Pre-authenticated entry point called. Rejecting access
2025-10-24 13:12:01.253 DEBUG [http-nio-8081-exec-322] o.s.security.web.FilterChainProxy - Securing GET /
2025-10-24 13:12:01.260 DEBUG [http-nio-8081-exec-321] o.s.security.web.FilterChainProxy - Securing GET /
2025-10-24 13:12:01.776 DEBUG [http-nio-8081-exec-322] u.s.security.JwtAuthenticationFilter - No Authorization header or invalid format, proceeding without authentication
2025-10-24 13:12:01.776 DEBUG [http-nio-8081-exec-322] o.s.s.w.a.AnonymousAuthenticationFilter - Set SecurityContextHolder to anonymous SecurityContext
2025-10-24 13:12:01.256 DEBUG [http-nio-8081-exec-320] o.s.security.web.FilterChainProxy - Securing POST /login
2025-10-24 13:12:01.776 DEBUG [http-nio-8081-exec-322] o.s.s.w.a.Http403ForbiddenEntryPoint - Pre-authenticated entry point called. Rejecting access
2025-10-24 13:12:01.776 DEBUG [http-nio-8081-exec-321] u.s.security.JwtAuthenticationFilter - No Authorization header or invalid format, proceeding without authentication
2025-10-24 13:12:01.776 DEBUG [http-nio-8081-exec-321] o.s.s.w.a.AnonymousAuthenticationFilter - Set SecurityContextHolder to anonymous SecurityContext
2025-10-24 13:12:01.776 DEBUG [http-nio-8081-exec-321] o.s.s.w.a.Http403ForbiddenEntryPoint - Pre-authenticated entry point called. Rejecting access
2025-10-24 13:12:01.386 DEBUG [http-nio-8081-exec-346] o.s.security.web.FilterChainProxy - Securing POST /broker/xml
2025-10-24 13:12:01.776 DEBUG [http-nio-8081-exec-322] o.s.security.web.FilterChainProxy - Securing GET /error
2025-10-24 13:12:01.776 DEBUG [http-nio-8081-exec-322] o.s.s.w.a.AnonymousAuthenticationFilter - Set SecurityContextHolder to anonymous SecurityContext
2025-10-24 13:12:01.777 DEBUG [http-nio-8081-exec-321] o.s.security.web.FilterChainProxy - Securing GET /error
2025-10-24 13:12:01.777 DEBUG [http-nio-8081-exec-322] o.s.s.w.a.Http403ForbiddenEntryPoint - Pre-authenticated entry point called. Rejecting access
2025-10-24 13:12:01.777 DEBUG [http-nio-8081-exec-321] o.s.s.w.a.AnonymousAuthenticationFilter - Set SecurityContextHolder to anonymous SecurityContext
2025-10-24 13:12:01.777 DEBUG [http-nio-8081-exec-321] o.s.s.w.a.Http403ForbiddenEntryPoint - Pre-authenticated entry point called. Rejecting access
2025-10-24 13:12:01.777 DEBUG [http-nio-8081-exec-346] u.s.security.JwtAuthenticationFilter - No Authorization header or invalid format, proceeding without authentication
2025-10-24 13:12:01.777 DEBUG [http-nio-8081-exec-346] o.s.s.w.a.AnonymousAuthenticationFilter - Set SecurityContextHolder to anonymous SecurityContext
2025-10-24 13:12:01.777 DEBUG [http-nio-8081-exec-346] o.s.s.w.a.Http403ForbiddenEntryPoint - Pre-authenticated entry point called. Rejecting access
2025-10-24 13:12:01.777 DEBUG [http-nio-8081-exec-346] o.s.security.web.FilterChainProxy - Securing POST /error
2025-10-24 13:12:01.777 DEBUG [http-nio-8081-exec-346] o.s.s.w.a.AnonymousAuthenticationFilter - Set SecurityContextHolder to anonymous SecurityContext
2025-10-24 13:12:01.778 DEBUG [http-nio-8081-exec-346] o.s.s.w.a.Http403ForbiddenEntryPoint - Pre-authenticated entry point called. Rejecting access
2025-10-24 13:12:01.771 DEBUG [http-nio-8081-exec-343] u.s.security.JwtAuthenticationFilter - No Authorization header or invalid format, proceeding without authentication
2025-10-24 13:12:01.781 DEBUG [http-nio-8081-exec-343] o.s.s.w.a.AnonymousAuthenticationFilter - Set SecurityContextHolder to anonymous SecurityContext
2025-10-24 13:12:01.781 DEBUG [http-nio-8081-exec-343] o.s.s.w.a.Http403ForbiddenEntryPoint - Pre-authenticated entry point called. Rejecting access
2025-10-24 13:12:01.782 DEBUG [http-nio-8081-exec-343] o.s.security.web.FilterChainProxy - Securing GET /error
2025-10-24 13:12:01.782 DEBUG [http-nio-8081-exec-343] o.s.s.w.a.AnonymousAuthenticationFilter - Set SecurityContextHolder to anonymous SecurityContext
2025-10-24 13:12:01.782 DEBUG [http-nio-8081-exec-343] o.s.s.w.a.Http403ForbiddenEntryPoint - Pre-authenticated entry point called. Rejecting access
2025-10-24 13:12:01.262 DEBUG [http-nio-8081-exec-323] o.s.security.web.FilterChainProxy - Securing GET /
2025-10-24 13:12:01.266 DEBUG [http-nio-8081-exec-324] o.s.security.web.FilterChainProxy - Securing GET /
2025-10-24 13:12:01.782 DEBUG [http-nio-8081-exec-323] u.s.security.JwtAuthenticationFilter - No Authorization header or invalid format, proceeding without authentication
2025-10-24 13:12:01.392 DEBUG [http-nio-8081-exec-347] o.s.security.web.FilterChainProxy - Securing GET /
2025-10-24 13:12:01.397 DEBUG [http-nio-8081-exec-348] o.s.security.web.FilterChainProxy - Securing GET /:undefined
2025-10-24 13:12:01.782 DEBUG [http-nio-8081-exec-347] u.s.security.JwtAuthenticationFilter - No Authorization header or invalid format, proceeding without authentication
2025-10-24 13:12:01.782 DEBUG [http-nio-8081-exec-348] u.s.security.JwtAuthenticationFilter - No Authorization header or invalid format, proceeding without authentication
2025-10-24 13:12:01.782 DEBUG [http-nio-8081-exec-348] o.s.s.w.a.AnonymousAuthenticationFilter - Set SecurityContextHolder to anonymous SecurityContext
2025-10-24 13:12:01.782 DEBUG [http-nio-8081-exec-348] o.s.s.w.a.Http403ForbiddenEntryPoint - Pre-authenticated entry point called. Rejecting access
2025-10-24 13:12:01.784 DEBUG [http-nio-8081-exec-348] o.s.security.web.FilterChainProxy - Securing GET /error
2025-10-24 13:12:01.784 DEBUG [http-nio-8081-exec-348] o.s.s.w.a.AnonymousAuthenticationFilter - Set SecurityContextHolder to anonymous SecurityContext
2025-10-24 13:12:01.267 DEBUG [http-nio-8081-exec-326] o.s.security.web.FilterChainProxy - Securing GET /:undefined
2025-10-24 13:12:01.784 DEBUG [http-nio-8081-exec-348] o.s.s.w.a.Http403ForbiddenEntryPoint - Pre-authenticated entry point called. Rejecting access
2025-10-24 13:12:01.267 DEBUG [http-nio-8081-exec-325] o.s.security.web.FilterChainProxy - Securing GET /
2025-10-24 13:12:01.784 DEBUG [http-nio-8081-exec-326] u.s.security.JwtAuthenticationFilter - No Authorization header or invalid format, proceeding without authentication
2025-10-24 13:12:01.785 DEBUG [http-nio-8081-exec-326] o.s.s.w.a.AnonymousAuthenticationFilter - Set SecurityContextHolder to anonymous SecurityContext
2025-10-24 13:12:01.298 DEBUG [http-nio-8081-exec-328] o.s.security.web.FilterChainProxy - Securing GET /:undefined
2025-10-24 13:12:01.785 DEBUG [http-nio-8081-exec-328] u.s.security.JwtAuthenticationFilter - No Authorization header or invalid format, proceeding without authentication
2025-10-24 13:12:01.785 DEBUG [http-nio-8081-exec-328] o.s.s.w.a.AnonymousAuthenticationFilter - Set SecurityContextHolder to anonymous SecurityContext
2025-10-24 13:12:01.785 DEBUG [http-nio-8081-exec-328] o.s.s.w.a.Http403ForbiddenEntryPoint - Pre-authenticated entry point called. Rejecting access
2025-10-24 13:12:01.786 DEBUG [http-nio-8081-exec-328] o.s.security.web.FilterChainProxy - Securing GET /error
2025-10-24 13:12:01.786 DEBUG [http-nio-8081-exec-328] o.s.s.w.a.AnonymousAuthenticationFilter - Set SecurityContextHolder to anonymous SecurityContext
2025-10-24 13:12:01.786 DEBUG [http-nio-8081-exec-328] o.s.s.w.a.Http403ForbiddenEntryPoint - Pre-authenticated entry point called. Rejecting access
2025-10-24 13:12:01.412 DEBUG [http-nio-8081-exec-350] o.s.security.web.FilterChainProxy - Securing GET /
2025-10-24 13:12:01.787 DEBUG [http-nio-8081-exec-350] u.s.security.JwtAuthenticationFilter - No Authorization header or invalid format, proceeding without authentication
2025-10-24 13:12:01.788 DEBUG [http-nio-8081-exec-350] o.s.s.w.a.AnonymousAuthenticationFilter - Set SecurityContextHolder to anonymous SecurityContext
2025-10-24 13:12:01.788 DEBUG [http-nio-8081-exec-350] o.s.s.w.a.Http403ForbiddenEntryPoint - Pre-authenticated entry point called. Rejecting access
2025-10-24 13:12:01.276 DEBUG [http-nio-8081-exec-327] o.s.security.web.FilterChainProxy - Securing GET /:undefined
2025-10-24 13:12:01.304 DEBUG [http-nio-8081-exec-329] o.s.security.web.FilterChainProxy - Securing GET /
2025-10-24 13:12:01.788 DEBUG [http-nio-8081-exec-327] u.s.security.JwtAuthenticationFilter - No Authorization header or invalid format, proceeding without authentication
2025-10-24 13:12:01.788 DEBUG [http-nio-8081-exec-329] u.s.security.JwtAuthenticationFilter - No Authorization header or invalid format, proceeding without authentication
2025-10-24 13:12:01.413 DEBUG [http-nio-8081-exec-351] o.s.security.web.FilterChainProxy - Securing POST /broker/xml
2025-10-24 13:12:01.788 DEBUG [http-nio-8081-exec-329] o.s.s.w.a.AnonymousAuthenticationFilter - Set SecurityContextHolder to anonymous SecurityContext
2025-10-24 13:12:01.788 DEBUG [http-nio-8081-exec-351] u.s.security.JwtAuthenticationFilter - No Authorization header or invalid format, proceeding without authentication
2025-10-24 13:12:01.788 DEBUG [http-nio-8081-exec-351] o.s.s.w.a.AnonymousAuthenticationFilter - Set SecurityContextHolder to anonymous SecurityContext
2025-10-24 13:12:01.788 DEBUG [http-nio-8081-exec-329] o.s.s.w.a.Http403ForbiddenEntryPoint - Pre-authenticated entry point called. Rejecting access
2025-10-24 13:12:01.788 DEBUG [http-nio-8081-exec-350] o.s.security.web.FilterChainProxy - Securing GET /error
2025-10-24 13:12:01.788 DEBUG [http-nio-8081-exec-350] o.s.s.w.a.AnonymousAuthenticationFilter - Set SecurityContextHolder to anonymous SecurityContext
2025-10-24 13:12:01.788 DEBUG [http-nio-8081-exec-350] o.s.s.w.a.Http403ForbiddenEntryPoint - Pre-authenticated entry point called. Rejecting access
2025-10-24 13:12:01.752 DEBUG [http-nio-8081-exec-310] o.s.security.web.FilterChainProxy - Securing GET /error
2025-10-24 13:12:01.752 DEBUG [http-nio-8081-exec-333] o.s.s.w.a.AnonymousAuthenticationFilter - Set SecurityContextHolder to anonymous SecurityContext
2025-10-24 13:12:01.789 DEBUG [http-nio-8081-exec-329] o.s.security.web.FilterChainProxy - Securing GET /error
2025-10-24 13:12:01.414 DEBUG [http-nio-8081-exec-354] o.s.security.web.FilterChainProxy - Securing GET /
2025-10-24 13:12:01.789 DEBUG [http-nio-8081-exec-333] o.s.s.w.a.Http403ForbiddenEntryPoint - Pre-authenticated entry point called. Rejecting access
2025-10-24 13:12:01.789 DEBUG [http-nio-8081-exec-354] u.s.security.JwtAuthenticationFilter - No Authorization header or invalid format, proceeding without authentication
2025-10-24 13:12:01.414 DEBUG [http-nio-8081-exec-352] o.s.security.web.FilterChainProxy - Securing GET /:undefined
2025-10-24 13:12:01.348 DEBUG [http-nio-8081-exec-335] o.s.security.web.FilterChainProxy - Securing GET /
2025-10-24 13:12:01.756 DEBUG [http-nio-8081-exec-317] o.s.s.w.a.Http403ForbiddenEntryPoint - Pre-authenticated entry point called. Rejecting access
2025-10-24 13:12:01.789 DEBUG [http-nio-8081-exec-335] u.s.security.JwtAuthenticationFilter - No Authorization header or invalid format, proceeding without authentication
2025-10-24 13:12:01.428 DEBUG [http-nio-8081-exec-355] o.s.security.web.FilterChainProxy - Securing GET /
2025-10-24 13:12:01.373 DEBUG [http-nio-8081-exec-340] o.s.security.web.FilterChainProxy - Securing GET /:undefined
2025-10-24 13:12:01.789 DEBUG [http-nio-8081-exec-355] u.s.security.JwtAuthenticationFilter - No Authorization header or invalid format, proceeding without authentication
2025-10-24 13:12:01.789 DEBUG [http-nio-8081-exec-340] u.s.security.JwtAuthenticationFilter - No Authorization header or invalid format, proceeding without authentication
2025-10-24 13:12:01.789 DEBUG [http-nio-8081-exec-355] o.s.s.w.a.AnonymousAuthenticationFilter - Set SecurityContextHolder to anonymous SecurityContext
2025-10-24 13:12:01.449 DEBUG [http-nio-8081-exec-356] o.s.security.web.FilterChainProxy - Securing GET /:undefined
2025-10-24 13:12:01.789 DEBUG [http-nio-8081-exec-355] o.s.s.w.a.Http403ForbiddenEntryPoint - Pre-authenticated entry point called. Rejecting access
2025-10-24 13:12:01.379 DEBUG [http-nio-8081-exec-341] o.s.security.web.FilterChainProxy - Securing GET /:undefined
2025-10-24 13:12:01.789 DEBUG [http-nio-8081-exec-356] u.s.security.JwtAuthenticationFilter - No Authorization header or invalid format, proceeding without authentication
2025-10-24 13:12:01.449 DEBUG [http-nio-8081-exec-357] o.s.security.web.FilterChainProxy - Securing GET /
2025-10-24 13:12:01.789 DEBUG [http-nio-8081-exec-356] o.s.s.w.a.AnonymousAuthenticationFilter - Set SecurityContextHolder to anonymous SecurityContext
2025-10-24 13:12:01.790 DEBUG [http-nio-8081-exec-357] u.s.security.JwtAuthenticationFilter - No Authorization header or invalid format, proceeding without authentication
2025-10-24 13:12:01.790 DEBUG [http-nio-8081-exec-357] o.s.s.w.a.AnonymousAuthenticationFilter - Set SecurityContextHolder to anonymous SecurityContext
2025-10-24 13:12:01.790 DEBUG [http-nio-8081-exec-356] o.s.s.w.a.Http403ForbiddenEntryPoint - Pre-authenticated entry point called. Rejecting access
2025-10-24 13:12:01.790 DEBUG [http-nio-8081-exec-355] o.s.security.web.FilterChainProxy - Securing GET /error
2025-10-24 13:12:01.790 DEBUG [http-nio-8081-exec-355] o.s.s.w.a.AnonymousAuthenticationFilter - Set SecurityContextHolder to anonymous SecurityContext
2025-10-24 13:12:01.789 DEBUG [http-nio-8081-exec-354] o.s.s.w.a.AnonymousAuthenticationFilter - Set SecurityContextHolder to anonymous SecurityContext
2025-10-24 13:12:01.790 DEBUG [http-nio-8081-exec-355] o.s.s.w.a.Http403ForbiddenEntryPoint - Pre-authenticated entry point called. Rejecting access
2025-10-24 13:12:01.457 DEBUG [http-nio-8081-exec-358] o.s.security.web.FilterChainProxy - Securing GET /:undefined
2025-10-24 13:12:01.790 DEBUG [http-nio-8081-exec-341] u.s.security.JwtAuthenticationFilter - No Authorization header or invalid format, proceeding without authentication
2025-10-24 13:12:01.790 DEBUG [http-nio-8081-exec-354] o.s.s.w.a.Http403ForbiddenEntryPoint - Pre-authenticated entry point called. Rejecting access
2025-10-24 13:12:01.790 DEBUG [http-nio-8081-exec-341] o.s.s.w.a.AnonymousAuthenticationFilter - Set SecurityContextHolder to anonymous SecurityContext
2025-10-24 13:12:01.769 DEBUG [http-nio-8081-exec-316] o.s.s.w.a.Http403ForbiddenEntryPoint - Pre-authenticated entry point called. Rejecting access
2025-10-24 13:12:01.790 DEBUG [http-nio-8081-exec-341] o.s.s.w.a.Http403ForbiddenEntryPoint - Pre-authenticated entry point called. Rejecting access
2025-10-24 13:12:01.770 DEBUG [http-nio-8081-exec-342] o.s.s.w.a.AnonymousAuthenticationFilter - Set SecurityContextHolder to anonymous SecurityContext
2025-10-24 13:12:01.461 DEBUG [http-nio-8081-exec-360] o.s.security.web.FilterChainProxy - Securing GET /
2025-10-24 13:12:01.790 DEBUG [http-nio-8081-exec-360] u.s.security.JwtAuthenticationFilter - No Authorization header or invalid format, proceeding without authentication
2025-10-24 13:12:01.790 DEBUG [http-nio-8081-exec-360] o.s.s.w.a.AnonymousAuthenticationFilter - Set SecurityContextHolder to anonymous SecurityContext
2025-10-24 13:12:01.790 DEBUG [http-nio-8081-exec-360] o.s.s.w.a.Http403ForbiddenEntryPoint - Pre-authenticated entry point called. Rejecting access
2025-10-24 13:12:01.463 DEBUG [http-nio-8081-exec-361] o.s.security.web.FilterChainProxy - Securing GET /:undefined
2025-10-24 13:12:01.790 DEBUG [http-nio-8081-exec-361] u.s.security.JwtAuthenticationFilter - No Authorization header or invalid format, proceeding without authentication
2025-10-24 13:12:01.790 DEBUG [http-nio-8081-exec-361] o.s.s.w.a.AnonymousAuthenticationFilter - Set SecurityContextHolder to anonymous SecurityContext
2025-10-24 13:12:01.790 DEBUG [http-nio-8081-exec-361] o.s.s.w.a.Http403ForbiddenEntryPoint - Pre-authenticated entry point called. Rejecting access
2025-10-24 13:12:01.790 DEBUG [http-nio-8081-exec-360] o.s.security.web.FilterChainProxy - Securing GET /error
2025-10-24 13:12:01.775 DEBUG [http-nio-8081-exec-345] u.s.security.JwtAuthenticationFilter - No Authorization header or invalid format, proceeding without authentication
2025-10-24 13:12:01.790 DEBUG [http-nio-8081-exec-360] o.s.s.w.a.AnonymousAuthenticationFilter - Set SecurityContextHolder to anonymous SecurityContext
2025-10-24 13:12:01.790 DEBUG [http-nio-8081-exec-345] o.s.s.w.a.AnonymousAuthenticationFilter - Set SecurityContextHolder to anonymous SecurityContext
2025-10-24 13:12:01.790 DEBUG [http-nio-8081-exec-342] o.s.s.w.a.Http403ForbiddenEntryPoint - Pre-authenticated entry point called. Rejecting access
2025-10-24 13:12:01.790 DEBUG [http-nio-8081-exec-361] o.s.security.web.FilterChainProxy - Securing GET /error
2025-10-24 13:12:01.791 DEBUG [http-nio-8081-exec-361] o.s.s.w.a.AnonymousAuthenticationFilter - Set SecurityContextHolder to anonymous SecurityContext
2025-10-24 13:12:01.776 DEBUG [http-nio-8081-exec-320] u.s.security.JwtAuthenticationFilter - No Authorization header or invalid format, proceeding without authentication
2025-10-24 13:12:01.791 DEBUG [http-nio-8081-exec-320] o.s.s.w.a.AnonymousAuthenticationFilter - Set SecurityContextHolder to anonymous SecurityContext
2025-10-24 13:12:01.791 DEBUG [http-nio-8081-exec-361] o.s.s.w.a.Http403ForbiddenEntryPoint - Pre-authenticated entry point called. Rejecting access
2025-10-24 13:12:01.791 DEBUG [http-nio-8081-exec-320] o.s.s.w.a.Http403ForbiddenEntryPoint - Pre-authenticated entry point called. Rejecting access
2025-10-24 13:12:01.790 DEBUG [http-nio-8081-exec-354] o.s.security.web.FilterChainProxy - Securing GET /error
2025-10-24 13:12:01.791 DEBUG [http-nio-8081-exec-354] o.s.s.w.a.AnonymousAuthenticationFilter - Set SecurityContextHolder to anonymous SecurityContext
2025-10-24 13:12:01.791 DEBUG [http-nio-8081-exec-354] o.s.s.w.a.Http403ForbiddenEntryPoint - Pre-authenticated entry point called. Rejecting access
2025-10-24 13:12:01.792 DEBUG [http-nio-8081-exec-320] o.s.security.web.FilterChainProxy - Securing POST /error
2025-10-24 13:12:01.792 DEBUG [http-nio-8081-exec-320] o.s.s.w.a.AnonymousAuthenticationFilter - Set SecurityContextHolder to anonymous SecurityContext
2025-10-24 13:12:01.404 DEBUG [http-nio-8081-exec-349] o.s.security.web.FilterChainProxy - Securing GET /:undefined
2025-10-24 13:12:01.792 DEBUG [http-nio-8081-exec-320] o.s.s.w.a.Http403ForbiddenEntryPoint - Pre-authenticated entry point called. Rejecting access
2025-10-24 13:12:01.482 DEBUG [http-nio-8081-exec-363] o.s.security.web.FilterChainProxy - Securing GET /
2025-10-24 13:12:01.792 DEBUG [http-nio-8081-exec-363] u.s.security.JwtAuthenticationFilter - No Authorization header or invalid format, proceeding without authentication
2025-10-24 13:12:01.792 DEBUG [http-nio-8081-exec-363] o.s.s.w.a.AnonymousAuthenticationFilter - Set SecurityContextHolder to anonymous SecurityContext
2025-10-24 13:12:01.793 DEBUG [http-nio-8081-exec-349] u.s.security.JwtAuthenticationFilter - No Authorization header or invalid format, proceeding without authentication
2025-10-24 13:12:01.793 DEBUG [http-nio-8081-exec-363] o.s.s.w.a.Http403ForbiddenEntryPoint - Pre-authenticated entry point called. Rejecting access
2025-10-24 13:12:01.793 DEBUG [http-nio-8081-exec-349] o.s.s.w.a.AnonymousAuthenticationFilter - Set SecurityContextHolder to anonymous SecurityContext
2025-10-24 13:12:01.483 DEBUG [http-nio-8081-exec-364] o.s.security.web.FilterChainProxy - Securing GET /
2025-10-24 13:12:01.793 DEBUG [http-nio-8081-exec-364] u.s.security.JwtAuthenticationFilter - No Authorization header or invalid format, proceeding without authentication
2025-10-24 13:12:01.793 DEBUG [http-nio-8081-exec-364] o.s.s.w.a.AnonymousAuthenticationFilter - Set SecurityContextHolder to anonymous SecurityContext
2025-10-24 13:12:01.793 DEBUG [http-nio-8081-exec-364] o.s.s.w.a.Http403ForbiddenEntryPoint - Pre-authenticated entry point called. Rejecting access
2025-10-24 13:12:01.782 DEBUG [http-nio-8081-exec-347] o.s.s.w.a.AnonymousAuthenticationFilter - Set SecurityContextHolder to anonymous SecurityContext
2025-10-24 13:12:01.793 DEBUG [http-nio-8081-exec-349] o.s.s.w.a.Http403ForbiddenEntryPoint - Pre-authenticated entry point called. Rejecting access
2025-10-24 13:12:01.793 DEBUG [http-nio-8081-exec-347] o.s.s.w.a.Http403ForbiddenEntryPoint - Pre-authenticated entry point called. Rejecting access
2025-10-24 13:12:01.784 DEBUG [http-nio-8081-exec-325] u.s.security.JwtAuthenticationFilter - No Authorization header or invalid format, proceeding without authentication
2025-10-24 13:12:01.481 DEBUG [http-nio-8081-exec-362] o.s.security.web.FilterChainProxy - Securing GET /:undefined
2025-10-24 13:12:01.788 DEBUG [http-nio-8081-exec-327] o.s.s.w.a.AnonymousAuthenticationFilter - Set SecurityContextHolder to anonymous SecurityContext
2025-10-24 13:12:01.788 DEBUG [http-nio-8081-exec-351] o.s.s.w.a.Http403ForbiddenEntryPoint - Pre-authenticated entry point called. Rejecting access
2025-10-24 13:12:01.789 DEBUG [http-nio-8081-exec-310] o.s.s.w.a.AnonymousAuthenticationFilter - Set SecurityContextHolder to anonymous SecurityContext
2025-10-24 13:12:01.789 DEBUG [http-nio-8081-exec-329] o.s.s.w.a.AnonymousAuthenticationFilter - Set SecurityContextHolder to anonymous SecurityContext
2025-10-24 13:12:01.415 DEBUG [http-nio-8081-exec-353] o.s.security.web.FilterChainProxy - Securing GET /:undefined
2025-10-24 13:12:01.789 DEBUG [http-nio-8081-exec-352] u.s.security.JwtAuthenticationFilter - No Authorization header or invalid format, proceeding without authentication
2025-10-24 13:12:01.789 DEBUG [http-nio-8081-exec-335] o.s.s.w.a.AnonymousAuthenticationFilter - Set SecurityContextHolder to anonymous SecurityContext
2025-10-24 13:12:01.789 DEBUG [http-nio-8081-exec-340] o.s.s.w.a.AnonymousAuthenticationFilter - Set SecurityContextHolder to anonymous SecurityContext
2025-10-24 13:12:01.790 DEBUG [http-nio-8081-exec-356] o.s.security.web.FilterChainProxy - Securing GET /error
2025-10-24 13:12:01.459 DEBUG [http-nio-8081-exec-359] o.s.security.web.FilterChainProxy - Securing GET /portal/info.jsp
2025-10-24 13:12:01.790 DEBUG [http-nio-8081-exec-316] o.s.security.web.FilterChainProxy - Securing GET /error
2025-10-24 13:12:01.790 DEBUG [http-nio-8081-exec-341] o.s.security.web.FilterChainProxy - Securing GET /error
2025-10-24 13:12:01.790 DEBUG [http-nio-8081-exec-360] o.s.s.w.a.Http403ForbiddenEntryPoint - Pre-authenticated entry point called. Rejecting access
2025-10-24 13:12:01.793 DEBUG [http-nio-8081-exec-363] o.s.security.web.FilterChainProxy - Securing GET /error
2025-10-24 13:12:01.497 DEBUG [http-nio-8081-exec-365] o.s.security.web.FilterChainProxy - Securing GET /
2025-10-24 13:12:01.800 DEBUG [http-nio-8081-exec-365] u.s.security.JwtAuthenticationFilter - No Authorization header or invalid format, proceeding without authentication
2025-10-24 13:12:01.800 DEBUG [http-nio-8081-exec-365] o.s.s.w.a.AnonymousAuthenticationFilter - Set SecurityContextHolder to anonymous SecurityContext
2025-10-24 13:12:01.800 DEBUG [http-nio-8081-exec-365] o.s.s.w.a.Http403ForbiddenEntryPoint - Pre-authenticated entry point called. Rejecting access
2025-10-24 13:12:01.498 DEBUG [http-nio-8081-exec-366] o.s.security.web.FilterChainProxy - Securing GET /cgi-bin/
2025-10-24 13:12:01.801 DEBUG [http-nio-8081-exec-366] u.s.security.JwtAuthenticationFilter - No Authorization header or invalid format, proceeding without authentication
2025-10-24 13:12:01.801 DEBUG [http-nio-8081-exec-366] o.s.s.w.a.AnonymousAuthenticationFilter - Set SecurityContextHolder to anonymous SecurityContext
2025-10-24 13:12:01.802 DEBUG [http-nio-8081-exec-366] o.s.s.w.a.Http403ForbiddenEntryPoint - Pre-authenticated entry point called. Rejecting access
2025-10-24 13:12:01.803 DEBUG [http-nio-8081-exec-366] o.s.security.web.FilterChainProxy - Securing GET /error
2025-10-24 13:12:01.803 DEBUG [http-nio-8081-exec-366] o.s.s.w.a.AnonymousAuthenticationFilter - Set SecurityContextHolder to anonymous SecurityContext
2025-10-24 13:12:01.803 DEBUG [http-nio-8081-exec-366] o.s.s.w.a.Http403ForbiddenEntryPoint - Pre-authenticated entry point called. Rejecting access
2025-10-24 13:12:01.512 DEBUG [http-nio-8081-exec-367] o.s.security.web.FilterChainProxy - Securing GET /:undefined
2025-10-24 13:12:01.514 DEBUG [http-nio-8081-exec-368] o.s.security.web.FilterChainProxy - Securing GET /
2025-10-24 13:12:01.515 DEBUG [http-nio-8081-exec-369] o.s.security.web.FilterChainProxy - Securing GET /:undefined
2025-10-24 13:12:01.804 DEBUG [http-nio-8081-exec-367] u.s.security.JwtAuthenticationFilter - No Authorization header or invalid format, proceeding without authentication
2025-10-24 13:12:01.804 DEBUG [http-nio-8081-exec-368] u.s.security.JwtAuthenticationFilter - No Authorization header or invalid format, proceeding without authentication
2025-10-24 13:12:01.804 DEBUG [http-nio-8081-exec-369] u.s.security.JwtAuthenticationFilter - No Authorization header or invalid format, proceeding without authentication
2025-10-24 13:12:01.804 DEBUG [http-nio-8081-exec-367] o.s.s.w.a.AnonymousAuthenticationFilter - Set SecurityContextHolder to anonymous SecurityContext
2025-10-24 13:12:01.804 DEBUG [http-nio-8081-exec-368] o.s.s.w.a.AnonymousAuthenticationFilter - Set SecurityContextHolder to anonymous SecurityContext
2025-10-24 13:12:01.524 DEBUG [http-nio-8081-exec-370] o.s.security.web.FilterChainProxy - Securing GET /:undefined
2025-10-24 13:12:01.804 DEBUG [http-nio-8081-exec-367] o.s.s.w.a.Http403ForbiddenEntryPoint - Pre-authenticated entry point called. Rejecting access
2025-10-24 13:12:01.804 DEBUG [http-nio-8081-exec-370] u.s.security.JwtAuthenticationFilter - No Authorization header or invalid format, proceeding without authentication
2025-10-24 13:12:01.804 DEBUG [http-nio-8081-exec-370] o.s.s.w.a.AnonymousAuthenticationFilter - Set SecurityContextHolder to anonymous SecurityContext
2025-10-24 13:12:01.805 DEBUG [http-nio-8081-exec-370] o.s.s.w.a.Http403ForbiddenEntryPoint - Pre-authenticated entry point called. Rejecting access
2025-10-24 13:12:01.806 DEBUG [http-nio-8081-exec-370] o.s.security.web.FilterChainProxy - Securing GET /error
2025-10-24 13:12:01.806 DEBUG [http-nio-8081-exec-370] o.s.s.w.a.AnonymousAuthenticationFilter - Set SecurityContextHolder to anonymous SecurityContext
2025-10-24 13:12:01.806 DEBUG [http-nio-8081-exec-370] o.s.s.w.a.Http403ForbiddenEntryPoint - Pre-authenticated entry point called. Rejecting access
2025-10-24 13:12:01.525 DEBUG [http-nio-8081-exec-371] o.s.security.web.FilterChainProxy - Securing GET /
2025-10-24 13:12:01.541 DEBUG [http-nio-8081-exec-372] o.s.security.web.FilterChainProxy - Securing GET /
2025-10-24 13:12:01.807 DEBUG [http-nio-8081-exec-371] u.s.security.JwtAuthenticationFilter - No Authorization header or invalid format, proceeding without authentication
2025-10-24 13:12:01.807 DEBUG [http-nio-8081-exec-372] u.s.security.JwtAuthenticationFilter - No Authorization header or invalid format, proceeding without authentication
2025-10-24 13:12:01.807 DEBUG [http-nio-8081-exec-371] o.s.s.w.a.AnonymousAuthenticationFilter - Set SecurityContextHolder to anonymous SecurityContext
2025-10-24 13:12:01.807 DEBUG [http-nio-8081-exec-372] o.s.s.w.a.AnonymousAuthenticationFilter - Set SecurityContextHolder to anonymous SecurityContext
2025-10-24 13:12:01.805 DEBUG [http-nio-8081-exec-367] o.s.security.web.FilterChainProxy - Securing GET /error
2025-10-24 13:12:01.807 DEBUG [http-nio-8081-exec-372] o.s.s.w.a.Http403ForbiddenEntryPoint - Pre-authenticated entry point called. Rejecting access
2025-10-24 13:12:01.807 DEBUG [http-nio-8081-exec-367] o.s.s.w.a.AnonymousAuthenticationFilter - Set SecurityContextHolder to anonymous SecurityContext
2025-10-24 13:12:01.807 DEBUG [http-nio-8081-exec-367] o.s.s.w.a.Http403ForbiddenEntryPoint - Pre-authenticated entry point called. Rejecting access
2025-10-24 13:12:01.543 DEBUG [http-nio-8081-exec-374] o.s.security.web.FilterChainProxy - Securing GET /
2025-10-24 13:12:01.544 DEBUG [http-nio-8081-exec-373] o.s.security.web.FilterChainProxy - Securing GET /:undefined
2025-10-24 13:12:01.807 DEBUG [http-nio-8081-exec-371] o.s.s.w.a.Http403ForbiddenEntryPoint - Pre-authenticated entry point called. Rejecting access
2025-10-24 13:12:01.807 DEBUG [http-nio-8081-exec-373] u.s.security.JwtAuthenticationFilter - No Authorization header or invalid format, proceeding without authentication
2025-10-24 13:12:01.807 DEBUG [http-nio-8081-exec-373] o.s.s.w.a.AnonymousAuthenticationFilter - Set SecurityContextHolder to anonymous SecurityContext
2025-10-24 13:12:01.807 DEBUG [http-nio-8081-exec-372] o.s.security.web.FilterChainProxy - Securing GET /error
2025-10-24 13:12:01.807 DEBUG [http-nio-8081-exec-374] u.s.security.JwtAuthenticationFilter - No Authorization header or invalid format, proceeding without authentication
2025-10-24 13:12:01.808 DEBUG [http-nio-8081-exec-373] o.s.s.w.a.Http403ForbiddenEntryPoint - Pre-authenticated entry point called. Rejecting access
2025-10-24 13:12:01.552 DEBUG [http-nio-8081-exec-375] o.s.security.web.FilterChainProxy - Securing GET /
2025-10-24 13:12:01.555 DEBUG [http-nio-8081-exec-376] o.s.security.web.FilterChainProxy - Securing GET /:undefined
2025-10-24 13:12:01.567 DEBUG [http-nio-8081-exec-377] o.s.security.web.FilterChainProxy - Securing GET /:undefined
2025-10-24 13:12:01.808 DEBUG [http-nio-8081-exec-375] u.s.security.JwtAuthenticationFilter - No Authorization header or invalid format, proceeding without authentication
2025-10-24 13:12:01.808 DEBUG [http-nio-8081-exec-377] u.s.security.JwtAuthenticationFilter - No Authorization header or invalid format, proceeding without authentication
2025-10-24 13:12:01.808 DEBUG [http-nio-8081-exec-377] o.s.s.w.a.AnonymousAuthenticationFilter - Set SecurityContextHolder to anonymous SecurityContext
2025-10-24 13:12:01.808 DEBUG [http-nio-8081-exec-377] o.s.s.w.a.Http403ForbiddenEntryPoint - Pre-authenticated entry point called. Rejecting access
2025-10-24 13:12:01.808 DEBUG [http-nio-8081-exec-376] u.s.security.JwtAuthenticationFilter - No Authorization header or invalid format, proceeding without authentication
2025-10-24 13:12:01.808 DEBUG [http-nio-8081-exec-373] o.s.security.web.FilterChainProxy - Securing GET /error
2025-10-24 13:12:01.808 DEBUG [http-nio-8081-exec-376] o.s.s.w.a.AnonymousAuthenticationFilter - Set SecurityContextHolder to anonymous SecurityContext
2025-10-24 13:12:01.808 DEBUG [http-nio-8081-exec-373] o.s.s.w.a.AnonymousAuthenticationFilter - Set SecurityContextHolder to anonymous SecurityContext
2025-10-24 13:12:01.808 DEBUG [http-nio-8081-exec-376] o.s.s.w.a.Http403ForbiddenEntryPoint - Pre-authenticated entry point called. Rejecting access
2025-10-24 13:12:01.808 DEBUG [http-nio-8081-exec-375] o.s.s.w.a.AnonymousAuthenticationFilter - Set SecurityContextHolder to anonymous SecurityContext
2025-10-24 13:12:01.808 DEBUG [http-nio-8081-exec-376] o.s.security.web.FilterChainProxy - Securing GET /error
2025-10-24 13:12:01.808 DEBUG [http-nio-8081-exec-377] o.s.security.web.FilterChainProxy - Securing GET /error
2025-10-24 13:12:01.808 DEBUG [http-nio-8081-exec-373] o.s.s.w.a.Http403ForbiddenEntryPoint - Pre-authenticated entry point called. Rejecting access
2025-10-24 13:12:01.808 DEBUG [http-nio-8081-exec-376] o.s.s.w.a.AnonymousAuthenticationFilter - Set SecurityContextHolder to anonymous SecurityContext
2025-10-24 13:12:01.568 DEBUG [http-nio-8081-exec-378] o.s.security.web.FilterChainProxy - Securing GET /
2025-10-24 13:12:01.808 DEBUG [http-nio-8081-exec-376] o.s.s.w.a.Http403ForbiddenEntryPoint - Pre-authenticated entry point called. Rejecting access
2025-10-24 13:12:01.810 DEBUG [http-nio-8081-exec-378] u.s.security.JwtAuthenticationFilter - No Authorization header or invalid format, proceeding without authentication
2025-10-24 13:12:01.811 DEBUG [http-nio-8081-exec-378] o.s.s.w.a.AnonymousAuthenticationFilter - Set SecurityContextHolder to anonymous SecurityContext
2025-10-24 13:12:01.812 DEBUG [http-nio-8081-exec-378] o.s.s.w.a.Http403ForbiddenEntryPoint - Pre-authenticated entry point called. Rejecting access
2025-10-24 13:12:01.570 DEBUG [http-nio-8081-exec-379] o.s.security.web.FilterChainProxy - Securing GET /:undefined
2025-10-24 13:12:01.813 DEBUG [http-nio-8081-exec-379] u.s.security.JwtAuthenticationFilter - No Authorization header or invalid format, proceeding without authentication
2025-10-24 13:12:01.813 DEBUG [http-nio-8081-exec-379] o.s.s.w.a.AnonymousAuthenticationFilter - Set SecurityContextHolder to anonymous SecurityContext
2025-10-24 13:12:01.813 DEBUG [http-nio-8081-exec-378] o.s.security.web.FilterChainProxy - Securing GET /error
2025-10-24 13:12:01.813 DEBUG [http-nio-8081-exec-379] o.s.s.w.a.Http403ForbiddenEntryPoint - Pre-authenticated entry point called. Rejecting access
2025-10-24 13:12:01.813 DEBUG [http-nio-8081-exec-378] o.s.s.w.a.AnonymousAuthenticationFilter - Set SecurityContextHolder to anonymous SecurityContext
2025-10-24 13:12:01.814 DEBUG [http-nio-8081-exec-378] o.s.s.w.a.Http403ForbiddenEntryPoint - Pre-authenticated entry point called. Rejecting access
2025-10-24 13:12:01.814 DEBUG [http-nio-8081-exec-379] o.s.security.web.FilterChainProxy - Securing GET /error
2025-10-24 13:12:01.814 DEBUG [http-nio-8081-exec-379] o.s.s.w.a.AnonymousAuthenticationFilter - Set SecurityContextHolder to anonymous SecurityContext
2025-10-24 13:12:01.814 DEBUG [http-nio-8081-exec-379] o.s.s.w.a.Http403ForbiddenEntryPoint - Pre-authenticated entry point called. Rejecting access
2025-10-24 13:12:01.808 DEBUG [http-nio-8081-exec-375] o.s.s.w.a.Http403ForbiddenEntryPoint - Pre-authenticated entry point called. Rejecting access
2025-10-24 13:12:01.581 DEBUG [http-nio-8081-exec-380] o.s.security.web.FilterChainProxy - Securing GET /:undefined
2025-10-24 13:12:01.814 DEBUG [http-nio-8081-exec-380] u.s.security.JwtAuthenticationFilter - No Authorization header or invalid format, proceeding without authentication
2025-10-24 13:12:01.599 DEBUG [http-nio-8081-exec-382] o.s.security.web.FilterChainProxy - Securing GET /:undefined
2025-10-24 13:12:01.815 DEBUG [http-nio-8081-exec-380] o.s.s.w.a.AnonymousAuthenticationFilter - Set SecurityContextHolder to anonymous SecurityContext
2025-10-24 13:12:01.815 DEBUG [http-nio-8081-exec-375] o.s.security.web.FilterChainProxy - Securing GET /error
2025-10-24 13:12:01.815 DEBUG [http-nio-8081-exec-380] o.s.s.w.a.Http403ForbiddenEntryPoint - Pre-authenticated entry point called. Rejecting access
2025-10-24 13:12:01.582 DEBUG [http-nio-8081-exec-381] o.s.security.web.FilterChainProxy - Securing GET /
2025-10-24 13:12:01.815 DEBUG [http-nio-8081-exec-375] o.s.s.w.a.AnonymousAuthenticationFilter - Set SecurityContextHolder to anonymous SecurityContext
2025-10-24 13:12:01.601 DEBUG [http-nio-8081-exec-383] o.s.security.web.FilterChainProxy - Securing GET /
2025-10-24 13:12:01.815 DEBUG [http-nio-8081-exec-381] u.s.security.JwtAuthenticationFilter - No Authorization header or invalid format, proceeding without authentication
2025-10-24 13:12:01.815 DEBUG [http-nio-8081-exec-383] u.s.security.JwtAuthenticationFilter - No Authorization header or invalid format, proceeding without authentication
2025-10-24 13:12:01.815 DEBUG [http-nio-8081-exec-383] o.s.s.w.a.AnonymousAuthenticationFilter - Set SecurityContextHolder to anonymous SecurityContext
2025-10-24 13:12:01.815 DEBUG [http-nio-8081-exec-380] o.s.security.web.FilterChainProxy - Securing GET /error
2025-10-24 13:12:01.815 DEBUG [http-nio-8081-exec-383] o.s.s.w.a.Http403ForbiddenEntryPoint - Pre-authenticated entry point called. Rejecting access
2025-10-24 13:12:01.815 DEBUG [http-nio-8081-exec-380] o.s.s.w.a.AnonymousAuthenticationFilter - Set SecurityContextHolder to anonymous SecurityContext
2025-10-24 13:12:01.630 DEBUG [http-nio-8081-exec-217] u.s.security.JwtAuthenticationFilter - No Authorization header or invalid format, proceeding without authentication
2025-10-24 13:12:01.815 DEBUG [http-nio-8081-exec-217] o.s.s.w.a.AnonymousAuthenticationFilter - Set SecurityContextHolder to anonymous SecurityContext
2025-10-24 13:12:01.815 DEBUG [http-nio-8081-exec-383] o.s.security.web.FilterChainProxy - Securing GET /error
2025-10-24 13:12:01.631 DEBUG [http-nio-8081-exec-208] o.s.s.w.a.AnonymousAuthenticationFilter - Set SecurityContextHolder to anonymous SecurityContext
2025-10-24 13:12:01.816 DEBUG [http-nio-8081-exec-217] o.s.s.w.a.Http403ForbiddenEntryPoint - Pre-authenticated entry point called. Rejecting access
2025-10-24 13:12:01.816 DEBUG [http-nio-8081-exec-375] o.s.s.w.a.Http403ForbiddenEntryPoint - Pre-authenticated entry point called. Rejecting access
2025-10-24 13:12:01.631 DEBUG [http-nio-8081-exec-223] o.s.security.web.FilterChainProxy - Securing GET /error
2025-10-24 13:12:01.634 DEBUG [http-nio-8081-exec-224] o.s.s.w.a.AnonymousAuthenticationFilter - Set SecurityContextHolder to anonymous SecurityContext
2025-10-24 13:12:01.816 DEBUG [http-nio-8081-exec-223] o.s.s.w.a.AnonymousAuthenticationFilter - Set SecurityContextHolder to anonymous SecurityContext
2025-10-24 13:12:01.636 DEBUG [http-nio-8081-exec-213] o.s.s.w.a.Http403ForbiddenEntryPoint - Pre-authenticated entry point called. Rejecting access
2025-10-24 13:12:01.816 DEBUG [http-nio-8081-exec-383] o.s.s.w.a.AnonymousAuthenticationFilter - Set SecurityContextHolder to anonymous SecurityContext
2025-10-24 13:12:01.816 DEBUG [http-nio-8081-exec-224] o.s.s.w.a.Http403ForbiddenEntryPoint - Pre-authenticated entry point called. Rejecting access
2025-10-24 13:12:01.816 DEBUG [http-nio-8081-exec-383] o.s.s.w.a.Http403ForbiddenEntryPoint - Pre-authenticated entry point called. Rejecting access
2025-10-24 13:12:01.816 DEBUG [http-nio-8081-exec-208] o.s.s.w.a.Http403ForbiddenEntryPoint - Pre-authenticated entry point called. Rejecting access
2025-10-24 13:12:01.654 DEBUG [http-nio-8081-exec-176] o.s.s.w.a.Http403ForbiddenEntryPoint - Pre-authenticated entry point called. Rejecting access
2025-10-24 13:12:01.816 DEBUG [http-nio-8081-exec-217] o.s.security.web.FilterChainProxy - Securing GET /error
2025-10-24 13:12:01.654 DEBUG [http-nio-8081-exec-228] u.s.security.JwtAuthenticationFilter - No Authorization header or invalid format, proceeding without authentication
2025-10-24 13:12:01.816 DEBUG [http-nio-8081-exec-217] o.s.s.w.a.AnonymousAuthenticationFilter - Set SecurityContextHolder to anonymous SecurityContext
2025-10-24 13:12:01.816 DEBUG [http-nio-8081-exec-228] o.s.s.w.a.AnonymousAuthenticationFilter - Set SecurityContextHolder to anonymous SecurityContext
2025-10-24 13:12:01.816 DEBUG [http-nio-8081-exec-217] o.s.s.w.a.Http403ForbiddenEntryPoint - Pre-authenticated entry point called. Rejecting access
2025-10-24 13:12:01.816 DEBUG [http-nio-8081-exec-228] o.s.s.w.a.Http403ForbiddenEntryPoint - Pre-authenticated entry point called. Rejecting access
2025-10-24 13:12:01.655 DEBUG [http-nio-8081-exec-225] o.s.security.web.FilterChainProxy - Securing GET /error
2025-10-24 13:12:01.816 DEBUG [http-nio-8081-exec-228] o.s.security.web.FilterChainProxy - Securing GET /error
2025-10-24 13:12:01.655 DEBUG [http-nio-8081-exec-231] o.s.s.w.a.Http403ForbiddenEntryPoint - Pre-authenticated entry point called. Rejecting access
2025-10-24 13:12:01.816 DEBUG [http-nio-8081-exec-228] o.s.s.w.a.AnonymousAuthenticationFilter - Set SecurityContextHolder to anonymous SecurityContext
2025-10-24 13:12:01.817 DEBUG [http-nio-8081-exec-228] o.s.s.w.a.Http403ForbiddenEntryPoint - Pre-authenticated entry point called. Rejecting access
2025-10-24 13:12:01.817 DEBUG [http-nio-8081-exec-231] o.s.security.web.FilterChainProxy - Securing GET /error
2025-10-24 13:12:01.816 DEBUG [http-nio-8081-exec-225] o.s.s.w.a.AnonymousAuthenticationFilter - Set SecurityContextHolder to anonymous SecurityContext
2025-10-24 13:12:01.817 DEBUG [http-nio-8081-exec-231] o.s.s.w.a.AnonymousAuthenticationFilter - Set SecurityContextHolder to anonymous SecurityContext
2025-10-24 13:12:01.655 DEBUG [http-nio-8081-exec-229] o.s.s.w.a.AnonymousAuthenticationFilter - Set SecurityContextHolder to anonymous SecurityContext
2025-10-24 13:12:01.817 DEBUG [http-nio-8081-exec-225] o.s.s.w.a.Http403ForbiddenEntryPoint - Pre-authenticated entry point called. Rejecting access
2025-10-24 13:12:01.655 DEBUG [http-nio-8081-exec-226] o.s.s.w.a.Http403ForbiddenEntryPoint - Pre-authenticated entry point called. Rejecting access
2025-10-24 13:12:01.817 DEBUG [http-nio-8081-exec-229] o.s.s.w.a.Http403ForbiddenEntryPoint - Pre-authenticated entry point called. Rejecting access
2025-10-24 13:12:01.660 DEBUG [http-nio-8081-exec-233] o.s.s.w.a.Http403ForbiddenEntryPoint - Pre-authenticated entry point called. Rejecting access
2025-10-24 13:12:01.817 DEBUG [http-nio-8081-exec-226] o.s.security.web.FilterChainProxy - Securing GET /error
2025-10-24 13:12:01.817 DEBUG [http-nio-8081-exec-226] o.s.s.w.a.AnonymousAuthenticationFilter - Set SecurityContextHolder to anonymous SecurityContext
2025-10-24 13:12:01.817 DEBUG [http-nio-8081-exec-226] o.s.s.w.a.Http403ForbiddenEntryPoint - Pre-authenticated entry point called. Rejecting access
2025-10-24 13:12:01.817 DEBUG [http-nio-8081-exec-231] o.s.s.w.a.Http403ForbiddenEntryPoint - Pre-authenticated entry point called. Rejecting access
2025-10-24 13:12:01.667 DEBUG [http-nio-8081-exec-239] u.s.security.JwtAuthenticationFilter - No Authorization header or invalid format, proceeding without authentication
2025-10-24 13:12:01.819 DEBUG [http-nio-8081-exec-239] o.s.s.w.a.AnonymousAuthenticationFilter - Set SecurityContextHolder to anonymous SecurityContext
2025-10-24 13:12:01.819 DEBUG [http-nio-8081-exec-239] o.s.s.w.a.Http403ForbiddenEntryPoint - Pre-authenticated entry point called. Rejecting access
2025-10-24 13:12:01.819 DEBUG [http-nio-8081-exec-233] o.s.security.web.FilterChainProxy - Securing POST /error
2025-10-24 13:12:01.819 DEBUG [http-nio-8081-exec-229] o.s.security.web.FilterChainProxy - Securing GET /error
2025-10-24 13:12:01.819 DEBUG [http-nio-8081-exec-233] o.s.s.w.a.AnonymousAuthenticationFilter - Set SecurityContextHolder to anonymous SecurityContext
2025-10-24 13:12:01.819 DEBUG [http-nio-8081-exec-229] o.s.s.w.a.AnonymousAuthenticationFilter - Set SecurityContextHolder to anonymous SecurityContext
2025-10-24 13:12:01.819 DEBUG [http-nio-8081-exec-233] o.s.s.w.a.Http403ForbiddenEntryPoint - Pre-authenticated entry point called. Rejecting access
2025-10-24 13:12:01.668 DEBUG [http-nio-8081-exec-243] o.s.s.w.a.AnonymousAuthenticationFilter - Set SecurityContextHolder to anonymous SecurityContext
2025-10-24 13:12:01.819 DEBUG [http-nio-8081-exec-229] o.s.s.w.a.Http403ForbiddenEntryPoint - Pre-authenticated entry point called. Rejecting access
2025-10-24 13:12:01.668 DEBUG [http-nio-8081-exec-244] u.s.security.JwtAuthenticationFilter - No Authorization header or invalid format, proceeding without authentication
2025-10-24 13:12:01.819 DEBUG [http-nio-8081-exec-243] o.s.s.w.a.Http403ForbiddenEntryPoint - Pre-authenticated entry point called. Rejecting access
2025-10-24 13:12:01.819 DEBUG [http-nio-8081-exec-244] o.s.s.w.a.AnonymousAuthenticationFilter - Set SecurityContextHolder to anonymous SecurityContext
2025-10-24 13:12:01.820 DEBUG [http-nio-8081-exec-243] o.s.security.web.FilterChainProxy - Securing GET /error
2025-10-24 13:12:01.820 DEBUG [http-nio-8081-exec-239] o.s.security.web.FilterChainProxy - Securing GET /error
2025-10-24 13:12:01.820 DEBUG [http-nio-8081-exec-244] o.s.s.w.a.Http403ForbiddenEntryPoint - Pre-authenticated entry point called. Rejecting access
2025-10-24 13:12:01.668 DEBUG [http-nio-8081-exec-245] o.s.s.w.a.AnonymousAuthenticationFilter - Set SecurityContextHolder to anonymous SecurityContext
2025-10-24 13:12:01.820 DEBUG [http-nio-8081-exec-239] o.s.s.w.a.AnonymousAuthenticationFilter - Set SecurityContextHolder to anonymous SecurityContext
2025-10-24 13:12:01.820 DEBUG [http-nio-8081-exec-245] o.s.s.w.a.Http403ForbiddenEntryPoint - Pre-authenticated entry point called. Rejecting access
2025-10-24 13:12:01.668 DEBUG [http-nio-8081-exec-238] o.s.s.w.a.Http403ForbiddenEntryPoint - Pre-authenticated entry point called. Rejecting access
2025-10-24 13:12:01.820 DEBUG [http-nio-8081-exec-244] o.s.security.web.FilterChainProxy - Securing GET /error
2025-10-24 13:12:01.820 DEBUG [http-nio-8081-exec-244] o.s.s.w.a.AnonymousAuthenticationFilter - Set SecurityContextHolder to anonymous SecurityContext
2025-10-24 13:12:01.820 DEBUG [http-nio-8081-exec-245] o.s.security.web.FilterChainProxy - Securing GET /error
2025-10-24 13:12:01.668 DEBUG [http-nio-8081-exec-235] o.s.security.web.FilterChainProxy - Securing GET /error
2025-10-24 13:12:01.820 DEBUG [http-nio-8081-exec-245] o.s.s.w.a.AnonymousAuthenticationFilter - Set SecurityContextHolder to anonymous SecurityContext
2025-10-24 13:12:01.820 DEBUG [http-nio-8081-exec-235] o.s.s.w.a.AnonymousAuthenticationFilter - Set SecurityContextHolder to anonymous SecurityContext
2025-10-24 13:12:01.820 DEBUG [http-nio-8081-exec-245] o.s.s.w.a.Http403ForbiddenEntryPoint - Pre-authenticated entry point called. Rejecting access
2025-10-24 13:12:01.820 DEBUG [http-nio-8081-exec-235] o.s.s.w.a.Http403ForbiddenEntryPoint - Pre-authenticated entry point called. Rejecting access
2025-10-24 13:12:01.820 DEBUG [http-nio-8081-exec-239] o.s.s.w.a.Http403ForbiddenEntryPoint - Pre-authenticated entry point called. Rejecting access
2025-10-24 13:12:01.669 DEBUG [http-nio-8081-exec-240] o.s.security.web.FilterChainProxy - Securing GET /error
2025-10-24 13:12:01.820 DEBUG [http-nio-8081-exec-240] o.s.s.w.a.AnonymousAuthenticationFilter - Set SecurityContextHolder to anonymous SecurityContext
2025-10-24 13:12:01.821 DEBUG [http-nio-8081-exec-240] o.s.s.w.a.Http403ForbiddenEntryPoint - Pre-authenticated entry point called. Rejecting access
2025-10-24 13:12:01.671 DEBUG [http-nio-8081-exec-242] o.s.security.web.FilterChainProxy - Securing GET /error
2025-10-24 13:12:01.673 DEBUG [http-nio-8081-exec-247] u.s.security.JwtAuthenticationFilter - No Authorization header or invalid format, proceeding without authentication
2025-10-24 13:12:01.678 DEBUG [http-nio-8081-exec-249] u.s.security.JwtAuthenticationFilter - No Authorization header or invalid format, proceeding without authentication
2025-10-24 13:12:01.822 DEBUG [http-nio-8081-exec-247] o.s.s.w.a.AnonymousAuthenticationFilter - Set SecurityContextHolder to anonymous SecurityContext
2025-10-24 13:12:01.822 DEBUG [http-nio-8081-exec-249] o.s.s.w.a.AnonymousAuthenticationFilter - Set SecurityContextHolder to anonymous SecurityContext
2025-10-24 13:12:01.678 DEBUG [http-nio-8081-exec-251] u.s.security.JwtAuthenticationFilter - No Authorization header or invalid format, proceeding without authentication
2025-10-24 13:12:01.680 DEBUG [http-nio-8081-exec-248] o.s.s.w.a.AnonymousAuthenticationFilter - Set SecurityContextHolder to anonymous SecurityContext
2025-10-24 13:12:01.822 DEBUG [http-nio-8081-exec-251] o.s.s.w.a.AnonymousAuthenticationFilter - Set SecurityContextHolder to anonymous SecurityContext
2025-10-24 13:12:01.823 DEBUG [http-nio-8081-exec-249] o.s.s.w.a.Http403ForbiddenEntryPoint - Pre-authenticated entry point called. Rejecting access
2025-10-24 13:12:01.823 DEBUG [http-nio-8081-exec-247] o.s.s.w.a.Http403ForbiddenEntryPoint - Pre-authenticated entry point called. Rejecting access
2025-10-24 13:12:01.680 DEBUG [http-nio-8081-exec-254] u.s.security.JwtAuthenticationFilter - No Authorization header or invalid format, proceeding without authentication
2025-10-24 13:12:01.823 DEBUG [http-nio-8081-exec-247] o.s.security.web.FilterChainProxy - Securing GET /error
2025-10-24 13:12:01.681 DEBUG [http-nio-8081-exec-253] o.s.s.w.a.AnonymousAuthenticationFilter - Set SecurityContextHolder to anonymous SecurityContext
2025-10-24 13:12:01.681 DEBUG [http-nio-8081-exec-257] u.s.security.JwtAuthenticationFilter - No Authorization header or invalid format, proceeding without authentication
2025-10-24 13:12:01.823 DEBUG [http-nio-8081-exec-247] o.s.s.w.a.AnonymousAuthenticationFilter - Set SecurityContextHolder to anonymous SecurityContext
2025-10-24 13:12:01.823 DEBUG [http-nio-8081-exec-254] o.s.s.w.a.AnonymousAuthenticationFilter - Set SecurityContextHolder to anonymous SecurityContext
2025-10-24 13:12:01.713 DEBUG [http-nio-8081-exec-261] o.s.security.web.FilterChainProxy - Securing GET /error
2025-10-24 13:12:01.713 DEBUG [http-nio-8081-exec-260] o.s.s.w.a.AnonymousAuthenticationFilter - Set SecurityContextHolder to anonymous SecurityContext
2025-10-24 13:12:01.823 DEBUG [http-nio-8081-exec-253] o.s.s.w.a.Http403ForbiddenEntryPoint - Pre-authenticated entry point called. Rejecting access
2025-10-24 13:12:01.831 DEBUG [http-nio-8081-exec-253] o.s.security.web.FilterChainProxy - Securing GET /error
2025-10-24 13:12:01.831 DEBUG [http-nio-8081-exec-253] o.s.s.w.a.AnonymousAuthenticationFilter - Set SecurityContextHolder to anonymous SecurityContext
2025-10-24 13:12:01.832 DEBUG [http-nio-8081-exec-253] o.s.s.w.a.Http403ForbiddenEntryPoint - Pre-authenticated entry point called. Rejecting access
2025-10-24 13:12:01.716 DEBUG [http-nio-8081-exec-265] u.s.security.JwtAuthenticationFilter - No Authorization header or invalid format, proceeding without authentication
2025-10-24 13:12:01.716 DEBUG [http-nio-8081-exec-269] o.s.s.w.a.AnonymousAuthenticationFilter - Set SecurityContextHolder to anonymous SecurityContext
2025-10-24 13:12:01.726 DEBUG [http-nio-8081-exec-271] u.s.security.JwtAuthenticationFilter - No Authorization header or invalid format, proceeding without authentication
2025-10-24 13:12:01.838 DEBUG [http-nio-8081-exec-271] o.s.s.w.a.AnonymousAuthenticationFilter - Set SecurityContextHolder to anonymous SecurityContext
2025-10-24 13:12:01.838 DEBUG [http-nio-8081-exec-269] o.s.s.w.a.Http403ForbiddenEntryPoint - Pre-authenticated entry point called. Rejecting access
2025-10-24 13:12:01.726 DEBUG [http-nio-8081-exec-272] o.s.s.w.a.AnonymousAuthenticationFilter - Set SecurityContextHolder to anonymous SecurityContext
2025-10-24 13:12:01.727 DEBUG [http-nio-8081-exec-277] o.s.s.w.a.AnonymousAuthenticationFilter - Set SecurityContextHolder to anonymous SecurityContext
2025-10-24 13:12:01.734 DEBUG [http-nio-8081-exec-282] o.s.security.web.FilterChainProxy - Securing GET /error
2025-10-24 13:12:01.839 DEBUG [http-nio-8081-exec-277] o.s.s.w.a.Http403ForbiddenEntryPoint - Pre-authenticated entry point called. Rejecting access
2025-10-24 13:12:01.839 DEBUG [http-nio-8081-exec-282] o.s.s.w.a.AnonymousAuthenticationFilter - Set SecurityContextHolder to anonymous SecurityContext
2025-10-24 13:12:01.839 DEBUG [http-nio-8081-exec-282] o.s.s.w.a.Http403ForbiddenEntryPoint - Pre-authenticated entry point called. Rejecting access
2025-10-24 13:12:01.735 DEBUG [http-nio-8081-exec-287] u.s.security.JwtAuthenticationFilter - No Authorization header or invalid format, proceeding without authentication
2025-10-24 13:12:01.734 DEBUG [http-nio-8081-exec-280] o.s.security.web.FilterChainProxy - Securing GET /error
2025-10-24 13:12:01.839 DEBUG [http-nio-8081-exec-272] o.s.s.w.a.Http403ForbiddenEntryPoint - Pre-authenticated entry point called. Rejecting access
2025-10-24 13:12:01.840 DEBUG [http-nio-8081-exec-280] o.s.s.w.a.AnonymousAuthenticationFilter - Set SecurityContextHolder to anonymous SecurityContext
2025-10-24 13:12:01.840 DEBUG [http-nio-8081-exec-280] o.s.s.w.a.Http403ForbiddenEntryPoint - Pre-authenticated entry point called. Rejecting access
2025-10-24 13:12:01.838 DEBUG [http-nio-8081-exec-271] o.s.s.w.a.Http403ForbiddenEntryPoint - Pre-authenticated entry point called. Rejecting access
2025-10-24 13:12:01.841 DEBUG [http-nio-8081-exec-271] o.s.security.web.FilterChainProxy - Securing GET /error
2025-10-24 13:12:01.841 DEBUG [http-nio-8081-exec-271] o.s.s.w.a.AnonymousAuthenticationFilter - Set SecurityContextHolder to anonymous SecurityContext
2025-10-24 13:12:01.841 DEBUG [http-nio-8081-exec-271] o.s.s.w.a.Http403ForbiddenEntryPoint - Pre-authenticated entry point called. Rejecting access
2025-10-24 13:12:01.844 DEBUG [http-nio-8081-exec-272] o.s.security.web.FilterChainProxy - Securing GET /error
2025-10-24 13:12:01.844 DEBUG [http-nio-8081-exec-277] o.s.security.web.FilterChainProxy - Securing GET /error
2025-10-24 13:12:01.844 DEBUG [http-nio-8081-exec-277] o.s.s.w.a.AnonymousAuthenticationFilter - Set SecurityContextHolder to anonymous SecurityContext
2025-10-24 13:12:01.735 DEBUG [http-nio-8081-exec-284] o.s.s.w.a.AnonymousAuthenticationFilter - Set SecurityContextHolder to anonymous SecurityContext
2025-10-24 13:12:01.846 DEBUG [http-nio-8081-exec-277] o.s.s.w.a.Http403ForbiddenEntryPoint - Pre-authenticated entry point called. Rejecting access
2025-10-24 13:12:01.846 DEBUG [http-nio-8081-exec-284] o.s.s.w.a.Http403ForbiddenEntryPoint - Pre-authenticated entry point called. Rejecting access
2025-10-24 13:12:01.735 DEBUG [http-nio-8081-exec-285] u.s.security.JwtAuthenticationFilter - No Authorization header or invalid format, proceeding without authentication
2025-10-24 13:12:01.738 DEBUG [http-nio-8081-exec-294] u.s.security.JwtAuthenticationFilter - No Authorization header or invalid format, proceeding without authentication
2025-10-24 13:12:01.847 DEBUG [http-nio-8081-exec-285] o.s.s.w.a.AnonymousAuthenticationFilter - Set SecurityContextHolder to anonymous SecurityContext
2025-10-24 13:12:01.847 DEBUG [http-nio-8081-exec-285] o.s.s.w.a.Http403ForbiddenEntryPoint - Pre-authenticated entry point called. Rejecting access
2025-10-24 13:12:01.848 DEBUG [http-nio-8081-exec-284] o.s.security.web.FilterChainProxy - Securing GET /error
2025-10-24 13:12:01.848 DEBUG [http-nio-8081-exec-284] o.s.s.w.a.AnonymousAuthenticationFilter - Set SecurityContextHolder to anonymous SecurityContext
2025-10-24 13:12:01.848 DEBUG [http-nio-8081-exec-285] o.s.security.web.FilterChainProxy - Securing GET /error
2025-10-24 13:12:01.848 DEBUG [http-nio-8081-exec-284] o.s.s.w.a.Http403ForbiddenEntryPoint - Pre-authenticated entry point called. Rejecting access
2025-10-24 13:12:01.738 DEBUG [http-nio-8081-exec-301] u.s.security.JwtAuthenticationFilter - No Authorization header or invalid format, proceeding without authentication
2025-10-24 13:12:01.848 DEBUG [http-nio-8081-exec-301] o.s.s.w.a.AnonymousAuthenticationFilter - Set SecurityContextHolder to anonymous SecurityContext
2025-10-24 13:12:01.848 DEBUG [http-nio-8081-exec-301] o.s.s.w.a.Http403ForbiddenEntryPoint - Pre-authenticated entry point called. Rejecting access
2025-10-24 13:12:01.848 DEBUG [http-nio-8081-exec-285] o.s.s.w.a.AnonymousAuthenticationFilter - Set SecurityContextHolder to anonymous SecurityContext
2025-10-24 13:12:01.848 DEBUG [http-nio-8081-exec-301] o.s.security.web.FilterChainProxy - Securing GET /error
2025-10-24 13:12:01.848 DEBUG [http-nio-8081-exec-285] o.s.s.w.a.Http403ForbiddenEntryPoint - Pre-authenticated entry point called. Rejecting access
2025-10-24 13:12:01.848 DEBUG [http-nio-8081-exec-301] o.s.s.w.a.AnonymousAuthenticationFilter - Set SecurityContextHolder to anonymous SecurityContext
2025-10-24 13:12:01.848 DEBUG [http-nio-8081-exec-301] o.s.s.w.a.Http403ForbiddenEntryPoint - Pre-authenticated entry point called. Rejecting access
2025-10-24 13:12:01.738 DEBUG [http-nio-8081-exec-297] o.s.s.w.a.AnonymousAuthenticationFilter - Set SecurityContextHolder to anonymous SecurityContext
2025-10-24 13:12:01.738 DEBUG [http-nio-8081-exec-303] u.s.security.JwtAuthenticationFilter - No Authorization header or invalid format, proceeding without authentication
2025-10-24 13:12:01.739 DEBUG [http-nio-8081-exec-293] o.s.s.w.a.AnonymousAuthenticationFilter - Set SecurityContextHolder to anonymous SecurityContext
2025-10-24 13:12:01.738 DEBUG [http-nio-8081-exec-296] o.s.s.w.a.AnonymousAuthenticationFilter - Set SecurityContextHolder to anonymous SecurityContext
2025-10-24 13:12:01.849 DEBUG [http-nio-8081-exec-303] o.s.s.w.a.AnonymousAuthenticationFilter - Set SecurityContextHolder to anonymous SecurityContext
2025-10-24 13:12:01.849 DEBUG [http-nio-8081-exec-297] o.s.s.w.a.Http403ForbiddenEntryPoint - Pre-authenticated entry point called. Rejecting access
2025-10-24 13:12:01.849 DEBUG [http-nio-8081-exec-293] o.s.s.w.a.Http403ForbiddenEntryPoint - Pre-authenticated entry point called. Rejecting access
2025-10-24 13:12:01.849 DEBUG [http-nio-8081-exec-296] o.s.s.w.a.Http403ForbiddenEntryPoint - Pre-authenticated entry point called. Rejecting access
2025-10-24 13:12:01.849 DEBUG [http-nio-8081-exec-303] o.s.s.w.a.Http403ForbiddenEntryPoint - Pre-authenticated entry point called. Rejecting access
2025-10-24 13:12:01.739 DEBUG [http-nio-8081-exec-306] o.s.s.w.a.AnonymousAuthenticationFilter - Set SecurityContextHolder to anonymous SecurityContext
2025-10-24 13:12:01.740 DEBUG [http-nio-8081-exec-311] o.s.s.w.a.AnonymousAuthenticationFilter - Set SecurityContextHolder to anonymous SecurityContext
2025-10-24 13:12:01.849 DEBUG [http-nio-8081-exec-297] o.s.security.web.FilterChainProxy - Securing GET /error
2025-10-24 13:12:01.850 DEBUG [http-nio-8081-exec-297] o.s.s.w.a.AnonymousAuthenticationFilter - Set SecurityContextHolder to anonymous SecurityContext
2025-10-24 13:12:01.850 DEBUG [http-nio-8081-exec-297] o.s.s.w.a.Http403ForbiddenEntryPoint - Pre-authenticated entry point called. Rejecting access
2025-10-24 13:12:01.740 DEBUG [http-nio-8081-exec-313] o.s.s.w.a.Http403ForbiddenEntryPoint - Pre-authenticated entry point called. Rejecting access
2025-10-24 13:12:01.748 DEBUG [http-nio-8081-exec-307] o.s.s.w.a.AnonymousAuthenticationFilter - Set SecurityContextHolder to anonymous SecurityContext
2025-10-24 13:12:01.764 DEBUG [http-nio-8081-exec-337] u.s.security.JwtAuthenticationFilter - No Authorization header or invalid format, proceeding without authentication
2025-10-24 13:12:01.764 DEBUG [http-nio-8081-exec-331] o.s.s.w.a.Http403ForbiddenEntryPoint - Pre-authenticated entry point called. Rejecting access
2025-10-24 13:12:01.851 DEBUG [http-nio-8081-exec-337] o.s.s.w.a.AnonymousAuthenticationFilter - Set SecurityContextHolder to anonymous SecurityContext
2025-10-24 13:12:01.851 DEBUG [http-nio-8081-exec-307] o.s.s.w.a.Http403ForbiddenEntryPoint - Pre-authenticated entry point called. Rejecting access
2025-10-24 13:12:01.851 DEBUG [http-nio-8081-exec-337] o.s.s.w.a.Http403ForbiddenEntryPoint - Pre-authenticated entry point called. Rejecting access
2025-10-24 13:12:01.851 DEBUG [http-nio-8081-exec-337] o.s.security.web.FilterChainProxy - Securing GET /error
2025-10-24 13:12:01.851 DEBUG [http-nio-8081-exec-337] o.s.s.w.a.AnonymousAuthenticationFilter - Set SecurityContextHolder to anonymous SecurityContext
2025-10-24 13:12:01.851 DEBUG [http-nio-8081-exec-337] o.s.s.w.a.Http403ForbiddenEntryPoint - Pre-authenticated entry point called. Rejecting access
2025-10-24 13:12:01.852 DEBUG [http-nio-8081-exec-313] o.s.security.web.FilterChainProxy - Securing GET /error
2025-10-24 13:12:01.852 DEBUG [http-nio-8081-exec-313] o.s.s.w.a.AnonymousAuthenticationFilter - Set SecurityContextHolder to anonymous SecurityContext
2025-10-24 13:12:01.770 DEBUG [http-nio-8081-exec-305] o.s.security.web.FilterChainProxy - Securing GET /error
2025-10-24 13:12:01.852 DEBUG [http-nio-8081-exec-305] o.s.s.w.a.AnonymousAuthenticationFilter - Set SecurityContextHolder to anonymous SecurityContext
2025-10-24 13:12:01.771 DEBUG [http-nio-8081-exec-344] o.s.s.w.a.AnonymousAuthenticationFilter - Set SecurityContextHolder to anonymous SecurityContext
2025-10-24 13:12:01.852 DEBUG [http-nio-8081-exec-305] o.s.s.w.a.Http403ForbiddenEntryPoint - Pre-authenticated entry point called. Rejecting access
2025-10-24 13:12:01.852 DEBUG [http-nio-8081-exec-344] o.s.s.w.a.Http403ForbiddenEntryPoint - Pre-authenticated entry point called. Rejecting access
2025-10-24 13:12:01.782 DEBUG [http-nio-8081-exec-324] u.s.security.JwtAuthenticationFilter - No Authorization header or invalid format, proceeding without authentication
2025-10-24 13:12:01.785 DEBUG [http-nio-8081-exec-326] o.s.s.w.a.Http403ForbiddenEntryPoint - Pre-authenticated entry point called. Rejecting access
2025-10-24 13:12:01.782 DEBUG [http-nio-8081-exec-323] o.s.s.w.a.AnonymousAuthenticationFilter - Set SecurityContextHolder to anonymous SecurityContext
2025-10-24 13:12:01.853 DEBUG [http-nio-8081-exec-324] o.s.s.w.a.AnonymousAuthenticationFilter - Set SecurityContextHolder to anonymous SecurityContext
2025-10-24 13:12:01.853 DEBUG [http-nio-8081-exec-344] o.s.security.web.FilterChainProxy - Securing GET /error
2025-10-24 13:12:01.853 DEBUG [http-nio-8081-exec-323] o.s.s.w.a.Http403ForbiddenEntryPoint - Pre-authenticated entry point called. Rejecting access
2025-10-24 13:12:01.853 DEBUG [http-nio-8081-exec-344] o.s.s.w.a.AnonymousAuthenticationFilter - Set SecurityContextHolder to anonymous SecurityContext
2025-10-24 13:12:01.853 DEBUG [http-nio-8081-exec-324] o.s.s.w.a.Http403ForbiddenEntryPoint - Pre-authenticated entry point called. Rejecting access
2025-10-24 13:12:01.854 DEBUG [http-nio-8081-exec-324] o.s.security.web.FilterChainProxy - Securing GET /error
2025-10-24 13:12:01.854 DEBUG [http-nio-8081-exec-324] o.s.s.w.a.AnonymousAuthenticationFilter - Set SecurityContextHolder to anonymous SecurityContext
2025-10-24 13:12:01.854 DEBUG [http-nio-8081-exec-324] o.s.s.w.a.Http403ForbiddenEntryPoint - Pre-authenticated entry point called. Rejecting access
2025-10-24 13:12:01.790 DEBUG [http-nio-8081-exec-357] o.s.s.w.a.Http403ForbiddenEntryPoint - Pre-authenticated entry point called. Rejecting access
2025-10-24 13:12:01.790 DEBUG [http-nio-8081-exec-358] u.s.security.JwtAuthenticationFilter - No Authorization header or invalid format, proceeding without authentication
2025-10-24 13:12:01.790 DEBUG [http-nio-8081-exec-333] o.s.security.web.FilterChainProxy - Securing GET /error
2025-10-24 13:12:01.855 DEBUG [http-nio-8081-exec-357] o.s.security.web.FilterChainProxy - Securing GET /error
2025-10-24 13:12:01.855 DEBUG [http-nio-8081-exec-333] o.s.s.w.a.AnonymousAuthenticationFilter - Set SecurityContextHolder to anonymous SecurityContext
2025-10-24 13:12:01.855 DEBUG [http-nio-8081-exec-357] o.s.s.w.a.AnonymousAuthenticationFilter - Set SecurityContextHolder to anonymous SecurityContext
2025-10-24 13:12:01.855 DEBUG [http-nio-8081-exec-93] o.s.security.web.FilterChainProxy - Securing GET /
2025-10-24 13:12:01.855 DEBUG [http-nio-8081-exec-357] o.s.s.w.a.Http403ForbiddenEntryPoint - Pre-authenticated entry point called. Rejecting access
2025-10-24 13:12:01.855 DEBUG [http-nio-8081-exec-93] u.s.security.JwtAuthenticationFilter - No Authorization header or invalid format, proceeding without authentication
2025-10-24 13:12:01.855 DEBUG [http-nio-8081-exec-202] o.s.security.web.FilterChainProxy - Securing GET /:undefined
2025-10-24 13:12:01.855 DEBUG [http-nio-8081-exec-93] o.s.s.w.a.AnonymousAuthenticationFilter - Set SecurityContextHolder to anonymous SecurityContext
2025-10-24 13:12:01.855 DEBUG [http-nio-8081-exec-202] u.s.security.JwtAuthenticationFilter - No Authorization header or invalid format, proceeding without authentication
2025-10-24 13:12:01.855 DEBUG [http-nio-8081-exec-202] o.s.s.w.a.AnonymousAuthenticationFilter - Set SecurityContextHolder to anonymous SecurityContext
2025-10-24 13:12:01.855 DEBUG [http-nio-8081-exec-93] o.s.s.w.a.Http403ForbiddenEntryPoint - Pre-authenticated entry point called. Rejecting access
2025-10-24 13:12:01.855 DEBUG [http-nio-8081-exec-202] o.s.s.w.a.Http403ForbiddenEntryPoint - Pre-authenticated entry point called. Rejecting access
2025-10-24 13:12:01.856 DEBUG [http-nio-8081-exec-93] o.s.security.web.FilterChainProxy - Securing GET /error
2025-10-24 13:12:01.856 DEBUG [http-nio-8081-exec-202] o.s.security.web.FilterChainProxy - Securing GET /error
2025-10-24 13:12:01.856 DEBUG [http-nio-8081-exec-93] o.s.s.w.a.AnonymousAuthenticationFilter - Set SecurityContextHolder to anonymous SecurityContext
2025-10-24 13:12:01.856 DEBUG [http-nio-8081-exec-202] o.s.s.w.a.AnonymousAuthenticationFilter - Set SecurityContextHolder to anonymous SecurityContext
2025-10-24 13:12:01.856 DEBUG [http-nio-8081-exec-93] o.s.s.w.a.Http403ForbiddenEntryPoint - Pre-authenticated entry point called. Rejecting access
2025-10-24 13:12:01.856 DEBUG [http-nio-8081-exec-202] o.s.s.w.a.Http403ForbiddenEntryPoint - Pre-authenticated entry point called. Rejecting access
2025-10-24 13:12:01.852 DEBUG [http-nio-8081-exec-313] o.s.s.w.a.Http403ForbiddenEntryPoint - Pre-authenticated entry point called. Rejecting access
2025-10-24 13:12:01.794 DEBUG [http-nio-8081-exec-325] o.s.s.w.a.AnonymousAuthenticationFilter - Set SecurityContextHolder to anonymous SecurityContext
2025-10-24 13:12:01.790 DEBUG [http-nio-8081-exec-345] o.s.s.w.a.Http403ForbiddenEntryPoint - Pre-authenticated entry point called. Rejecting access
2025-10-24 13:12:01.794 DEBUG [http-nio-8081-exec-362] u.s.security.JwtAuthenticationFilter - No Authorization header or invalid format, proceeding without authentication
2025-10-24 13:12:01.857 DEBUG [http-nio-8081-exec-325] o.s.s.w.a.Http403ForbiddenEntryPoint - Pre-authenticated entry point called. Rejecting access
2025-10-24 13:12:01.857 DEBUG [http-nio-8081-exec-362] o.s.s.w.a.AnonymousAuthenticationFilter - Set SecurityContextHolder to anonymous SecurityContext
2025-10-24 13:12:01.794 DEBUG [http-nio-8081-exec-349] o.s.security.web.FilterChainProxy - Securing GET /error
2025-10-24 13:12:01.794 DEBUG [http-nio-8081-exec-327] o.s.s.w.a.Http403ForbiddenEntryPoint - Pre-authenticated entry point called. Rejecting access
2025-10-24 13:12:01.794 DEBUG [http-nio-8081-exec-364] o.s.security.web.FilterChainProxy - Securing GET /error
2025-10-24 13:12:01.794 DEBUG [http-nio-8081-exec-347] o.s.security.web.FilterChainProxy - Securing GET /error
2025-10-24 13:12:01.867 DEBUG [http-nio-8081-exec-349] o.s.s.w.a.AnonymousAuthenticationFilter - Set SecurityContextHolder to anonymous SecurityContext
2025-10-24 13:12:01.867 DEBUG [http-nio-8081-exec-347] o.s.s.w.a.AnonymousAuthenticationFilter - Set SecurityContextHolder to anonymous SecurityContext
2025-10-24 13:12:01.867 DEBUG [http-nio-8081-exec-362] o.s.s.w.a.Http403ForbiddenEntryPoint - Pre-authenticated entry point called. Rejecting access
2025-10-24 13:12:01.867 DEBUG [http-nio-8081-exec-349] o.s.s.w.a.Http403ForbiddenEntryPoint - Pre-authenticated entry point called. Rejecting access
2025-10-24 13:12:01.869 DEBUG [http-nio-8081-exec-362] o.s.security.web.FilterChainProxy - Securing GET /error
2025-10-24 13:12:01.869 DEBUG [http-nio-8081-exec-362] o.s.s.w.a.AnonymousAuthenticationFilter - Set SecurityContextHolder to anonymous SecurityContext
2025-10-24 13:12:01.869 DEBUG [http-nio-8081-exec-362] o.s.s.w.a.Http403ForbiddenEntryPoint - Pre-authenticated entry point called. Rejecting access
2025-10-24 13:12:01.794 DEBUG [http-nio-8081-exec-351] o.s.security.web.FilterChainProxy - Securing POST /error
2025-10-24 13:12:01.794 DEBUG [http-nio-8081-exec-310] o.s.s.w.a.Http403ForbiddenEntryPoint - Pre-authenticated entry point called. Rejecting access
2025-10-24 13:12:01.869 DEBUG [http-nio-8081-exec-351] o.s.s.w.a.AnonymousAuthenticationFilter - Set SecurityContextHolder to anonymous SecurityContext
2025-10-24 13:12:01.794 DEBUG [http-nio-8081-exec-353] u.s.security.JwtAuthenticationFilter - No Authorization header or invalid format, proceeding without authentication
2025-10-24 13:12:01.869 DEBUG [http-nio-8081-exec-353] o.s.s.w.a.AnonymousAuthenticationFilter - Set SecurityContextHolder to anonymous SecurityContext
2025-10-24 13:12:01.869 DEBUG [http-nio-8081-exec-351] o.s.s.w.a.Http403ForbiddenEntryPoint - Pre-authenticated entry point called. Rejecting access
2025-10-24 13:12:01.794 DEBUG [http-nio-8081-exec-352] o.s.s.w.a.AnonymousAuthenticationFilter - Set SecurityContextHolder to anonymous SecurityContext
2025-10-24 13:12:01.794 DEBUG [http-nio-8081-exec-329] o.s.s.w.a.Http403ForbiddenEntryPoint - Pre-authenticated entry point called. Rejecting access
2025-10-24 13:12:01.794 DEBUG [http-nio-8081-exec-335] o.s.s.w.a.Http403ForbiddenEntryPoint - Pre-authenticated entry point called. Rejecting access
2025-10-24 13:12:01.869 DEBUG [http-nio-8081-exec-352] o.s.s.w.a.Http403ForbiddenEntryPoint - Pre-authenticated entry point called. Rejecting access
2025-10-24 13:12:01.870 DEBUG [http-nio-8081-exec-335] o.s.security.web.FilterChainProxy - Securing GET /error
2025-10-24 13:12:01.870 DEBUG [http-nio-8081-exec-335] o.s.s.w.a.AnonymousAuthenticationFilter - Set SecurityContextHolder to anonymous SecurityContext
2025-10-24 13:12:01.794 DEBUG [http-nio-8081-exec-356] o.s.s.w.a.AnonymousAuthenticationFilter - Set SecurityContextHolder to anonymous SecurityContext
2025-10-24 13:12:01.870 DEBUG [http-nio-8081-exec-352] o.s.security.web.FilterChainProxy - Securing GET /error
2025-10-24 13:12:01.870 DEBUG [http-nio-8081-exec-356] o.s.s.w.a.Http403ForbiddenEntryPoint - Pre-authenticated entry point called. Rejecting access
2025-10-24 13:12:01.870 DEBUG [http-nio-8081-exec-352] o.s.s.w.a.AnonymousAuthenticationFilter - Set SecurityContextHolder to anonymous SecurityContext
2025-10-24 13:12:01.870 DEBUG [http-nio-8081-exec-335] o.s.s.w.a.Http403ForbiddenEntryPoint - Pre-authenticated entry point called. Rejecting access
2025-10-24 13:12:01.794 DEBUG [http-nio-8081-exec-340] o.s.s.w.a.Http403ForbiddenEntryPoint - Pre-authenticated entry point called. Rejecting access
2025-10-24 13:12:01.897 DEBUG [http-nio-8081-exec-340] o.s.security.web.FilterChainProxy - Securing GET /error
2025-10-24 13:12:01.897 DEBUG [http-nio-8081-exec-340] o.s.s.w.a.AnonymousAuthenticationFilter - Set SecurityContextHolder to anonymous SecurityContext
2025-10-24 13:12:01.897 DEBUG [http-nio-8081-exec-340] o.s.s.w.a.Http403ForbiddenEntryPoint - Pre-authenticated entry point called. Rejecting access
2025-10-24 13:12:01.796 DEBUG [http-nio-8081-exec-359] u.s.security.JwtAuthenticationFilter - No Authorization header or invalid format, proceeding without authentication
2025-10-24 13:12:01.796 DEBUG [http-nio-8081-exec-341] o.s.s.w.a.AnonymousAuthenticationFilter - Set SecurityContextHolder to anonymous SecurityContext
2025-10-24 13:12:01.796 DEBUG [http-nio-8081-exec-316] o.s.s.w.a.AnonymousAuthenticationFilter - Set SecurityContextHolder to anonymous SecurityContext
2025-10-24 13:12:01.898 DEBUG [http-nio-8081-exec-359] o.s.s.w.a.AnonymousAuthenticationFilter - Set SecurityContextHolder to anonymous SecurityContext
2025-10-24 13:12:01.898 DEBUG [http-nio-8081-exec-316] o.s.s.w.a.Http403ForbiddenEntryPoint - Pre-authenticated entry point called. Rejecting access
2025-10-24 13:12:01.796 DEBUG [http-nio-8081-exec-363] o.s.s.w.a.AnonymousAuthenticationFilter - Set SecurityContextHolder to anonymous SecurityContext
2025-10-24 13:12:01.898 DEBUG [http-nio-8081-exec-359] o.s.s.w.a.Http403ForbiddenEntryPoint - Pre-authenticated entry point called. Rejecting access
2025-10-24 13:12:01.801 DEBUG [http-nio-8081-exec-365] o.s.security.web.FilterChainProxy - Securing GET /error
2025-10-24 13:12:01.898 DEBUG [http-nio-8081-exec-363] o.s.s.w.a.Http403ForbiddenEntryPoint - Pre-authenticated entry point called. Rejecting access
2025-10-24 13:12:01.898 DEBUG [http-nio-8081-exec-365] o.s.s.w.a.AnonymousAuthenticationFilter - Set SecurityContextHolder to anonymous SecurityContext
2025-10-24 13:12:01.898 DEBUG [http-nio-8081-exec-365] o.s.s.w.a.Http403ForbiddenEntryPoint - Pre-authenticated entry point called. Rejecting access
2025-10-24 13:12:01.801 DEBUG [http-nio-8081-exec-71] o.s.security.web.FilterChainProxy - Securing GET /:undefined
2025-10-24 13:12:01.899 DEBUG [http-nio-8081-exec-359] o.s.security.web.FilterChainProxy - Securing GET /error
2025-10-24 13:12:01.899 DEBUG [http-nio-8081-exec-359] o.s.s.w.a.AnonymousAuthenticationFilter - Set SecurityContextHolder to anonymous SecurityContext
2025-10-24 13:12:01.899 DEBUG [http-nio-8081-exec-359] o.s.s.w.a.Http403ForbiddenEntryPoint - Pre-authenticated entry point called. Rejecting access
2025-10-24 13:12:01.804 DEBUG [http-nio-8081-exec-369] o.s.s.w.a.AnonymousAuthenticationFilter - Set SecurityContextHolder to anonymous SecurityContext
2025-10-24 13:12:01.804 DEBUG [http-nio-8081-exec-368] o.s.s.w.a.Http403ForbiddenEntryPoint - Pre-authenticated entry point called. Rejecting access
2025-10-24 13:12:01.900 DEBUG [http-nio-8081-exec-369] o.s.s.w.a.Http403ForbiddenEntryPoint - Pre-authenticated entry point called. Rejecting access
2025-10-24 13:12:01.800 DEBUG [http-nio-8081-exec-210] o.s.security.web.FilterChainProxy - Securing GET /
2025-10-24 13:12:01.808 DEBUG [http-nio-8081-exec-372] o.s.s.w.a.AnonymousAuthenticationFilter - Set SecurityContextHolder to anonymous SecurityContext
2025-10-24 13:12:01.900 DEBUG [http-nio-8081-exec-210] u.s.security.JwtAuthenticationFilter - No Authorization header or invalid format, proceeding without authentication
2025-10-24 13:12:01.900 DEBUG [http-nio-8081-exec-372] o.s.s.w.a.Http403ForbiddenEntryPoint - Pre-authenticated entry point called. Rejecting access
2025-10-24 13:12:01.808 DEBUG [http-nio-8081-exec-374] o.s.s.w.a.AnonymousAuthenticationFilter - Set SecurityContextHolder to anonymous SecurityContext
2025-10-24 13:12:01.900 DEBUG [http-nio-8081-exec-210] o.s.s.w.a.AnonymousAuthenticationFilter - Set SecurityContextHolder to anonymous SecurityContext
2025-10-24 13:12:01.808 DEBUG [http-nio-8081-exec-371] o.s.security.web.FilterChainProxy - Securing GET /error
2025-10-24 13:12:01.900 DEBUG [http-nio-8081-exec-210] o.s.s.w.a.Http403ForbiddenEntryPoint - Pre-authenticated entry point called. Rejecting access
2025-10-24 13:12:01.808 DEBUG [http-nio-8081-exec-377] o.s.s.w.a.AnonymousAuthenticationFilter - Set SecurityContextHolder to anonymous SecurityContext
2025-10-24 13:12:01.913 DEBUG [http-nio-8081-exec-377] o.s.s.w.a.Http403ForbiddenEntryPoint - Pre-authenticated entry point called. Rejecting access
2025-10-24 13:12:01.915 DEBUG [http-nio-8081-exec-210] o.s.security.web.FilterChainProxy - Securing GET /error
2025-10-24 13:12:01.915 DEBUG [http-nio-8081-exec-377] o.s.security.web.FilterChainProxy - Securing GET /
2025-10-24 13:12:01.915 DEBUG [http-nio-8081-exec-210] o.s.s.w.a.AnonymousAuthenticationFilter - Set SecurityContextHolder to anonymous SecurityContext
2025-10-24 13:12:01.916 DEBUG [http-nio-8081-exec-377] u.s.security.JwtAuthenticationFilter - No Authorization header or invalid format, proceeding without authentication
2025-10-24 13:12:01.916 DEBUG [http-nio-8081-exec-377] o.s.s.w.a.AnonymousAuthenticationFilter - Set SecurityContextHolder to anonymous SecurityContext
2025-10-24 13:12:01.916 DEBUG [http-nio-8081-exec-377] o.s.s.w.a.Http403ForbiddenEntryPoint - Pre-authenticated entry point called. Rejecting access
2025-10-24 13:12:01.916 DEBUG [http-nio-8081-exec-210] o.s.s.w.a.Http403ForbiddenEntryPoint - Pre-authenticated entry point called. Rejecting access
2025-10-24 13:12:01.916 DEBUG [http-nio-8081-exec-377] o.s.security.web.FilterChainProxy - Securing GET /error
2025-10-24 13:12:01.917 DEBUG [http-nio-8081-exec-377] o.s.s.w.a.AnonymousAuthenticationFilter - Set SecurityContextHolder to anonymous SecurityContext
2025-10-24 13:12:01.917 DEBUG [http-nio-8081-exec-377] o.s.s.w.a.Http403ForbiddenEntryPoint - Pre-authenticated entry point called. Rejecting access
2025-10-24 13:12:01.815 DEBUG [http-nio-8081-exec-381] o.s.s.w.a.AnonymousAuthenticationFilter - Set SecurityContextHolder to anonymous SecurityContext
2025-10-24 13:12:01.815 DEBUG [http-nio-8081-exec-380] o.s.s.w.a.Http403ForbiddenEntryPoint - Pre-authenticated entry point called. Rejecting access
2025-10-24 13:12:01.926 DEBUG [http-nio-8081-exec-381] o.s.s.w.a.Http403ForbiddenEntryPoint - Pre-authenticated entry point called. Rejecting access
2025-10-24 13:12:01.815 DEBUG [http-nio-8081-exec-382] u.s.security.JwtAuthenticationFilter - No Authorization header or invalid format, proceeding without authentication
2025-10-24 13:12:01.926 DEBUG [http-nio-8081-exec-382] o.s.s.w.a.AnonymousAuthenticationFilter - Set SecurityContextHolder to anonymous SecurityContext
2025-10-24 13:12:01.927 DEBUG [http-nio-8081-exec-382] o.s.s.w.a.Http403ForbiddenEntryPoint - Pre-authenticated entry point called. Rejecting access
2025-10-24 13:12:01.927 DEBUG [http-nio-8081-exec-381] o.s.security.web.FilterChainProxy - Securing GET /error
2025-10-24 13:12:01.927 DEBUG [http-nio-8081-exec-381] o.s.s.w.a.AnonymousAuthenticationFilter - Set SecurityContextHolder to anonymous SecurityContext
2025-10-24 13:12:01.927 DEBUG [http-nio-8081-exec-382] o.s.security.web.FilterChainProxy - Securing GET /error
2025-10-24 13:12:01.927 DEBUG [http-nio-8081-exec-382] o.s.s.w.a.AnonymousAuthenticationFilter - Set SecurityContextHolder to anonymous SecurityContext
2025-10-24 13:12:01.927 DEBUG [http-nio-8081-exec-381] o.s.s.w.a.Http403ForbiddenEntryPoint - Pre-authenticated entry point called. Rejecting access
2025-10-24 13:12:01.927 DEBUG [http-nio-8081-exec-382] o.s.s.w.a.Http403ForbiddenEntryPoint - Pre-authenticated entry point called. Rejecting access
2025-10-24 13:12:01.816 DEBUG [http-nio-8081-exec-223] o.s.s.w.a.Http403ForbiddenEntryPoint - Pre-authenticated entry point called. Rejecting access
2025-10-24 13:12:01.820 DEBUG [http-nio-8081-exec-243] o.s.s.w.a.AnonymousAuthenticationFilter - Set SecurityContextHolder to anonymous SecurityContext
2025-10-24 13:12:01.928 DEBUG [http-nio-8081-exec-243] o.s.s.w.a.Http403ForbiddenEntryPoint - Pre-authenticated entry point called. Rejecting access
2025-10-24 13:12:01.928 DEBUG [http-nio-8081-exec-380] o.s.security.web.FilterChainProxy - Securing GET /:undefined
2025-10-24 13:12:01.929 DEBUG [http-nio-8081-exec-380] u.s.security.JwtAuthenticationFilter - No Authorization header or invalid format, proceeding without authentication
2025-10-24 13:12:01.820 DEBUG [http-nio-8081-exec-238] o.s.security.web.FilterChainProxy - Securing GET /error
2025-10-24 13:12:01.929 DEBUG [http-nio-8081-exec-380] o.s.s.w.a.AnonymousAuthenticationFilter - Set SecurityContextHolder to anonymous SecurityContext
2025-10-24 13:12:01.929 DEBUG [http-nio-8081-exec-238] o.s.s.w.a.AnonymousAuthenticationFilter - Set SecurityContextHolder to anonymous SecurityContext
2025-10-24 13:12:01.930 DEBUG [http-nio-8081-exec-238] o.s.s.w.a.Http403ForbiddenEntryPoint - Pre-authenticated entry point called. Rejecting access
2025-10-24 13:12:01.820 DEBUG [http-nio-8081-exec-244] o.s.s.w.a.Http403ForbiddenEntryPoint - Pre-authenticated entry point called. Rejecting access
2025-10-24 13:12:01.822 DEBUG [http-nio-8081-exec-242] o.s.s.w.a.AnonymousAuthenticationFilter - Set SecurityContextHolder to anonymous SecurityContext
2025-10-24 13:12:01.930 DEBUG [http-nio-8081-exec-242] o.s.s.w.a.Http403ForbiddenEntryPoint - Pre-authenticated entry point called. Rejecting access
2025-10-24 13:12:01.823 DEBUG [http-nio-8081-exec-248] o.s.s.w.a.Http403ForbiddenEntryPoint - Pre-authenticated entry point called. Rejecting access
2025-10-24 13:12:01.823 DEBUG [http-nio-8081-exec-251] o.s.s.w.a.Http403ForbiddenEntryPoint - Pre-authenticated entry point called. Rejecting access
2025-10-24 13:12:01.823 DEBUG [http-nio-8081-exec-257] o.s.s.w.a.AnonymousAuthenticationFilter - Set SecurityContextHolder to anonymous SecurityContext
2025-10-24 13:12:01.823 DEBUG [http-nio-8081-exec-249] o.s.security.web.FilterChainProxy - Securing GET /error
2025-10-24 13:12:01.931 DEBUG [http-nio-8081-exec-257] o.s.s.w.a.Http403ForbiddenEntryPoint - Pre-authenticated entry point called. Rejecting access
2025-10-24 13:12:01.931 DEBUG [http-nio-8081-exec-249] o.s.s.w.a.AnonymousAuthenticationFilter - Set SecurityContextHolder to anonymous SecurityContext
2025-10-24 13:12:01.931 DEBUG [http-nio-8081-exec-249] o.s.s.w.a.Http403ForbiddenEntryPoint - Pre-authenticated entry point called. Rejecting access
2025-10-24 13:12:01.824 DEBUG [http-nio-8081-exec-247] o.s.s.w.a.Http403ForbiddenEntryPoint - Pre-authenticated entry point called. Rejecting access
2025-10-24 13:12:01.839 DEBUG [http-nio-8081-exec-269] o.s.security.web.FilterChainProxy - Securing GET /error
2025-10-24 13:12:01.824 DEBUG [http-nio-8081-exec-260] o.s.s.w.a.Http403ForbiddenEntryPoint - Pre-authenticated entry point called. Rejecting access
2025-10-24 13:12:01.839 DEBUG [http-nio-8081-exec-287] o.s.s.w.a.AnonymousAuthenticationFilter - Set SecurityContextHolder to anonymous SecurityContext
2025-10-24 13:12:01.933 DEBUG [http-nio-8081-exec-287] o.s.s.w.a.Http403ForbiddenEntryPoint - Pre-authenticated entry point called. Rejecting access
2025-10-24 13:12:01.933 DEBUG [http-nio-8081-exec-269] o.s.s.w.a.AnonymousAuthenticationFilter - Set SecurityContextHolder to anonymous SecurityContext
2025-10-24 13:12:01.933 DEBUG [http-nio-8081-exec-269] o.s.s.w.a.Http403ForbiddenEntryPoint - Pre-authenticated entry point called. Rejecting access
2025-10-24 13:12:01.934 DEBUG [http-nio-8081-exec-287] o.s.security.web.FilterChainProxy - Securing GET /error
2025-10-24 13:12:01.934 DEBUG [http-nio-8081-exec-287] o.s.s.w.a.AnonymousAuthenticationFilter - Set SecurityContextHolder to anonymous SecurityContext
2025-10-24 13:12:01.934 DEBUG [http-nio-8081-exec-287] o.s.s.w.a.Http403ForbiddenEntryPoint - Pre-authenticated entry point called. Rejecting access
2025-10-24 13:12:01.823 DEBUG [http-nio-8081-exec-261] o.s.s.w.a.AnonymousAuthenticationFilter - Set SecurityContextHolder to anonymous SecurityContext
2025-10-24 13:12:01.936 DEBUG [http-nio-8081-exec-261] o.s.s.w.a.Http403ForbiddenEntryPoint - Pre-authenticated entry point called. Rejecting access
2025-10-24 13:12:01.847 DEBUG [http-nio-8081-exec-272] o.s.s.w.a.AnonymousAuthenticationFilter - Set SecurityContextHolder to anonymous SecurityContext
2025-10-24 13:12:01.937 DEBUG [http-nio-8081-exec-272] o.s.s.w.a.Http403ForbiddenEntryPoint - Pre-authenticated entry point called. Rejecting access
2025-10-24 13:12:01.823 DEBUG [http-nio-8081-exec-254] o.s.s.w.a.Http403ForbiddenEntryPoint - Pre-authenticated entry point called. Rejecting access
2025-10-24 13:12:01.939 DEBUG [http-nio-8081-exec-254] o.s.security.web.FilterChainProxy - Securing GET /error
2025-10-24 13:12:01.939 DEBUG [http-nio-8081-exec-254] o.s.s.w.a.AnonymousAuthenticationFilter - Set SecurityContextHolder to anonymous SecurityContext
2025-10-24 13:12:01.940 DEBUG [http-nio-8081-exec-254] o.s.s.w.a.Http403ForbiddenEntryPoint - Pre-authenticated entry point called. Rejecting access
2025-10-24 13:12:01.847 DEBUG [http-nio-8081-exec-294] o.s.s.w.a.AnonymousAuthenticationFilter - Set SecurityContextHolder to anonymous SecurityContext
2025-10-24 13:12:01.849 DEBUG [http-nio-8081-exec-293] o.s.security.web.FilterChainProxy - Securing GET /error
2025-10-24 13:12:01.941 DEBUG [http-nio-8081-exec-294] o.s.s.w.a.Http403ForbiddenEntryPoint - Pre-authenticated entry point called. Rejecting access
2025-10-24 13:12:01.941 DEBUG [http-nio-8081-exec-293] o.s.s.w.a.AnonymousAuthenticationFilter - Set SecurityContextHolder to anonymous SecurityContext
2025-10-24 13:12:01.849 DEBUG [http-nio-8081-exec-296] o.s.security.web.FilterChainProxy - Securing GET /error
2025-10-24 13:12:01.941 DEBUG [http-nio-8081-exec-296] o.s.s.w.a.AnonymousAuthenticationFilter - Set SecurityContextHolder to anonymous SecurityContext
2025-10-24 13:12:01.941 DEBUG [http-nio-8081-exec-293] o.s.s.w.a.Http403ForbiddenEntryPoint - Pre-authenticated entry point called. Rejecting access
2025-10-24 13:12:01.941 DEBUG [http-nio-8081-exec-296] o.s.s.w.a.Http403ForbiddenEntryPoint - Pre-authenticated entry point called. Rejecting access
2025-10-24 13:12:01.941 DEBUG [http-nio-8081-exec-294] o.s.security.web.FilterChainProxy - Securing GET /error
2025-10-24 13:12:01.941 DEBUG [http-nio-8081-exec-294] o.s.s.w.a.AnonymousAuthenticationFilter - Set SecurityContextHolder to anonymous SecurityContext
2025-10-24 13:12:01.942 DEBUG [http-nio-8081-exec-294] o.s.s.w.a.Http403ForbiddenEntryPoint - Pre-authenticated entry point called. Rejecting access
2025-10-24 13:12:01.849 DEBUG [http-nio-8081-exec-306] o.s.s.w.a.Http403ForbiddenEntryPoint - Pre-authenticated entry point called. Rejecting access
2025-10-24 13:12:01.944 DEBUG [http-nio-8081-exec-306] o.s.security.web.FilterChainProxy - Securing GET /error
2025-10-24 13:12:01.945 DEBUG [http-nio-8081-exec-306] o.s.s.w.a.AnonymousAuthenticationFilter - Set SecurityContextHolder to anonymous SecurityContext
2025-10-24 13:12:01.945 DEBUG [http-nio-8081-exec-306] o.s.s.w.a.Http403ForbiddenEntryPoint - Pre-authenticated entry point called. Rejecting access
2025-10-24 13:12:01.949 DEBUG [http-nio-8081-exec-306] o.s.security.web.FilterChainProxy - Securing GET /:undefined
2025-10-24 13:12:01.949 DEBUG [http-nio-8081-exec-306] u.s.security.JwtAuthenticationFilter - No Authorization header or invalid format, proceeding without authentication
2025-10-24 13:12:01.949 DEBUG [http-nio-8081-exec-306] o.s.s.w.a.AnonymousAuthenticationFilter - Set SecurityContextHolder to anonymous SecurityContext
2025-10-24 13:12:01.949 DEBUG [http-nio-8081-exec-306] o.s.s.w.a.Http403ForbiddenEntryPoint - Pre-authenticated entry point called. Rejecting access
2025-10-24 13:12:01.950 DEBUG [http-nio-8081-exec-306] o.s.security.web.FilterChainProxy - Securing GET /error
2025-10-24 13:12:01.950 DEBUG [http-nio-8081-exec-306] o.s.s.w.a.AnonymousAuthenticationFilter - Set SecurityContextHolder to anonymous SecurityContext
2025-10-24 13:12:01.950 DEBUG [http-nio-8081-exec-306] o.s.s.w.a.Http403ForbiddenEntryPoint - Pre-authenticated entry point called. Rejecting access
2025-10-24 13:12:01.957 DEBUG [http-nio-8081-exec-306] o.s.security.web.FilterChainProxy - Securing GET /
2025-10-24 13:12:01.957 DEBUG [http-nio-8081-exec-306] u.s.security.JwtAuthenticationFilter - No Authorization header or invalid format, proceeding without authentication
2025-10-24 13:12:01.958 DEBUG [http-nio-8081-exec-306] o.s.s.w.a.AnonymousAuthenticationFilter - Set SecurityContextHolder to anonymous SecurityContext
2025-10-24 13:12:01.958 DEBUG [http-nio-8081-exec-306] o.s.s.w.a.Http403ForbiddenEntryPoint - Pre-authenticated entry point called. Rejecting access
2025-10-24 13:12:01.962 DEBUG [http-nio-8081-exec-306] o.s.security.web.FilterChainProxy - Securing GET /error
2025-10-24 13:12:01.962 DEBUG [http-nio-8081-exec-306] o.s.s.w.a.AnonymousAuthenticationFilter - Set SecurityContextHolder to anonymous SecurityContext
2025-10-24 13:12:01.849 DEBUG [http-nio-8081-exec-303] o.s.security.web.FilterChainProxy - Securing GET /error
2025-10-24 13:12:01.962 DEBUG [http-nio-8081-exec-306] o.s.s.w.a.Http403ForbiddenEntryPoint - Pre-authenticated entry point called. Rejecting access
2025-10-24 13:12:01.962 DEBUG [http-nio-8081-exec-303] o.s.s.w.a.AnonymousAuthenticationFilter - Set SecurityContextHolder to anonymous SecurityContext
2025-10-24 13:12:01.962 DEBUG [http-nio-8081-exec-303] o.s.s.w.a.Http403ForbiddenEntryPoint - Pre-authenticated entry point called. Rejecting access
2025-10-24 13:12:01.850 DEBUG [http-nio-8081-exec-311] o.s.s.w.a.Http403ForbiddenEntryPoint - Pre-authenticated entry point called. Rejecting access
2025-10-24 13:12:01.851 DEBUG [http-nio-8081-exec-307] o.s.security.web.FilterChainProxy - Securing GET /error
2025-10-24 13:12:01.969 DEBUG [http-nio-8081-exec-307] o.s.s.w.a.AnonymousAuthenticationFilter - Set SecurityContextHolder to anonymous SecurityContext
2025-10-24 13:12:01.969 DEBUG [http-nio-8081-exec-311] o.s.security.web.FilterChainProxy - Securing GET /error
2025-10-24 13:12:01.969 DEBUG [http-nio-8081-exec-311] o.s.s.w.a.AnonymousAuthenticationFilter - Set SecurityContextHolder to anonymous SecurityContext
2025-10-24 13:12:01.969 DEBUG [http-nio-8081-exec-311] o.s.s.w.a.Http403ForbiddenEntryPoint - Pre-authenticated entry point called. Rejecting access
2025-10-24 13:12:01.968 DEBUG [http-nio-8081-exec-215] o.s.security.web.FilterChainProxy - Securing GET /
2025-10-24 13:12:01.851 DEBUG [http-nio-8081-exec-331] o.s.security.web.FilterChainProxy - Securing GET /error
2025-10-24 13:12:01.974 DEBUG [http-nio-8081-exec-331] o.s.s.w.a.AnonymousAuthenticationFilter - Set SecurityContextHolder to anonymous SecurityContext
2025-10-24 13:12:01.969 DEBUG [http-nio-8081-exec-307] o.s.s.w.a.Http403ForbiddenEntryPoint - Pre-authenticated entry point called. Rejecting access
2025-10-24 13:12:01.853 DEBUG [http-nio-8081-exec-326] o.s.security.web.FilterChainProxy - Securing GET /error
2025-10-24 13:12:01.976 DEBUG [http-nio-8081-exec-326] o.s.s.w.a.AnonymousAuthenticationFilter - Set SecurityContextHolder to anonymous SecurityContext
2025-10-24 13:12:01.976 DEBUG [http-nio-8081-exec-326] o.s.s.w.a.Http403ForbiddenEntryPoint - Pre-authenticated entry point called. Rejecting access
2025-10-24 13:12:01.975 DEBUG [http-nio-8081-exec-331] o.s.s.w.a.Http403ForbiddenEntryPoint - Pre-authenticated entry point called. Rejecting access
2025-10-24 13:12:01.853 DEBUG [http-nio-8081-exec-344] o.s.s.w.a.Http403ForbiddenEntryPoint - Pre-authenticated entry point called. Rejecting access
2025-10-24 13:12:01.854 DEBUG [http-nio-8081-exec-323] o.s.security.web.FilterChainProxy - Securing GET /error
2025-10-24 13:12:01.978 DEBUG [http-nio-8081-exec-323] o.s.s.w.a.AnonymousAuthenticationFilter - Set SecurityContextHolder to anonymous SecurityContext
2025-10-24 13:12:01.978 DEBUG [http-nio-8081-exec-51] o.s.security.web.FilterChainProxy - Securing GET /
2025-10-24 13:12:01.855 DEBUG [http-nio-8081-exec-358] o.s.s.w.a.AnonymousAuthenticationFilter - Set SecurityContextHolder to anonymous SecurityContext
2025-10-24 13:12:01.980 DEBUG [http-nio-8081-exec-51] u.s.security.JwtAuthenticationFilter - No Authorization header or invalid format, proceeding without authentication
2025-10-24 13:12:01.980 DEBUG [http-nio-8081-exec-51] o.s.s.w.a.AnonymousAuthenticationFilter - Set SecurityContextHolder to anonymous SecurityContext
2025-10-24 13:12:01.980 DEBUG [http-nio-8081-exec-358] o.s.s.w.a.Http403ForbiddenEntryPoint - Pre-authenticated entry point called. Rejecting access
2025-10-24 13:12:01.980 DEBUG [http-nio-8081-exec-51] o.s.s.w.a.Http403ForbiddenEntryPoint - Pre-authenticated entry point called. Rejecting access
2025-10-24 13:12:01.980 DEBUG [http-nio-8081-exec-51] o.s.security.web.FilterChainProxy - Securing GET /error
2025-10-24 13:12:01.980 DEBUG [http-nio-8081-exec-358] o.s.security.web.FilterChainProxy - Securing GET /error
2025-10-24 13:12:01.980 DEBUG [http-nio-8081-exec-51] o.s.s.w.a.AnonymousAuthenticationFilter - Set SecurityContextHolder to anonymous SecurityContext
2025-10-24 13:12:01.980 DEBUG [http-nio-8081-exec-358] o.s.s.w.a.AnonymousAuthenticationFilter - Set SecurityContextHolder to anonymous SecurityContext
2025-10-24 13:12:01.980 DEBUG [http-nio-8081-exec-51] o.s.s.w.a.Http403ForbiddenEntryPoint - Pre-authenticated entry point called. Rejecting access
2025-10-24 13:12:01.980 DEBUG [http-nio-8081-exec-358] o.s.s.w.a.Http403ForbiddenEntryPoint - Pre-authenticated entry point called. Rejecting access
2025-10-24 13:12:01.981 DEBUG [http-nio-8081-exec-215] u.s.security.JwtAuthenticationFilter - No Authorization header or invalid format, proceeding without authentication
2025-10-24 13:12:01.857 DEBUG [http-nio-8081-exec-333] o.s.s.w.a.Http403ForbiddenEntryPoint - Pre-authenticated entry point called. Rejecting access
2025-10-24 13:12:01.860 DEBUG [http-nio-8081-exec-325] o.s.security.web.FilterChainProxy - Securing GET /error
2025-10-24 13:12:01.988 DEBUG [http-nio-8081-exec-325] o.s.s.w.a.AnonymousAuthenticationFilter - Set SecurityContextHolder to anonymous SecurityContext
2025-10-24 13:12:01.989 DEBUG [http-nio-8081-exec-325] o.s.s.w.a.Http403ForbiddenEntryPoint - Pre-authenticated entry point called. Rejecting access
2025-10-24 13:12:01.861 DEBUG [http-nio-8081-exec-345] o.s.security.web.FilterChainProxy - Securing GET /error
2025-10-24 13:12:01.989 DEBUG [http-nio-8081-exec-345] o.s.s.w.a.AnonymousAuthenticationFilter - Set SecurityContextHolder to anonymous SecurityContext
2025-10-24 13:12:01.989 DEBUG [http-nio-8081-exec-345] o.s.s.w.a.Http403ForbiddenEntryPoint - Pre-authenticated entry point called. Rejecting access
2025-10-24 13:12:01.867 DEBUG [http-nio-8081-exec-364] o.s.s.w.a.AnonymousAuthenticationFilter - Set SecurityContextHolder to anonymous SecurityContext
2025-10-24 13:12:01.990 DEBUG [http-nio-8081-exec-364] o.s.s.w.a.Http403ForbiddenEntryPoint - Pre-authenticated entry point called. Rejecting access
2025-10-24 13:12:01.981 DEBUG [http-nio-8081-exec-215] o.s.s.w.a.AnonymousAuthenticationFilter - Set SecurityContextHolder to anonymous SecurityContext
2025-10-24 13:12:01.993 DEBUG [http-nio-8081-exec-215] o.s.s.w.a.Http403ForbiddenEntryPoint - Pre-authenticated entry point called. Rejecting access
2025-10-24 13:12:01.869 DEBUG [http-nio-8081-exec-327] o.s.security.web.FilterChainProxy - Securing GET /error
2025-10-24 13:12:01.869 DEBUG [http-nio-8081-exec-347] o.s.s.w.a.Http403ForbiddenEntryPoint - Pre-authenticated entry point called. Rejecting access
2025-10-24 13:12:01.869 DEBUG [http-nio-8081-exec-353] o.s.s.w.a.Http403ForbiddenEntryPoint - Pre-authenticated entry point called. Rejecting access
2025-10-24 13:12:01.871 DEBUG [http-nio-8081-exec-352] o.s.s.w.a.Http403ForbiddenEntryPoint - Pre-authenticated entry point called. Rejecting access
2025-10-24 13:12:02.022 DEBUG [http-nio-8081-exec-327] o.s.s.w.a.AnonymousAuthenticationFilter - Set SecurityContextHolder to anonymous SecurityContext
2025-10-24 13:12:02.022 DEBUG [http-nio-8081-exec-327] o.s.s.w.a.Http403ForbiddenEntryPoint - Pre-authenticated entry point called. Rejecting access
2025-10-24 13:12:02.024 DEBUG [http-nio-8081-exec-353] o.s.security.web.FilterChainProxy - Securing GET /error
2025-10-24 13:12:01.898 DEBUG [http-nio-8081-exec-341] o.s.s.w.a.Http403ForbiddenEntryPoint - Pre-authenticated entry point called. Rejecting access
2025-10-24 13:12:01.899 DEBUG [http-nio-8081-exec-71] u.s.security.JwtAuthenticationFilter - No Authorization header or invalid format, proceeding without authentication
2025-10-24 13:12:02.024 DEBUG [http-nio-8081-exec-71] o.s.s.w.a.AnonymousAuthenticationFilter - Set SecurityContextHolder to anonymous SecurityContext
2025-10-24 13:12:02.024 DEBUG [http-nio-8081-exec-353] o.s.s.w.a.AnonymousAuthenticationFilter - Set SecurityContextHolder to anonymous SecurityContext
2025-10-24 13:12:01.900 DEBUG [http-nio-8081-exec-374] o.s.s.w.a.Http403ForbiddenEntryPoint - Pre-authenticated entry point called. Rejecting access
2025-10-24 13:12:02.024 DEBUG [http-nio-8081-exec-71] o.s.s.w.a.Http403ForbiddenEntryPoint - Pre-authenticated entry point called. Rejecting access
2025-10-24 13:12:02.024 DEBUG [http-nio-8081-exec-374] o.s.security.web.FilterChainProxy - Securing GET /error
2025-10-24 13:12:02.025 DEBUG [http-nio-8081-exec-374] o.s.s.w.a.AnonymousAuthenticationFilter - Set SecurityContextHolder to anonymous SecurityContext
2025-10-24 13:12:02.025 DEBUG [http-nio-8081-exec-374] o.s.s.w.a.Http403ForbiddenEntryPoint - Pre-authenticated entry point called. Rejecting access
2025-10-24 13:12:01.900 DEBUG [http-nio-8081-exec-368] o.s.security.web.FilterChainProxy - Securing GET /error
2025-10-24 13:12:01.900 DEBUG [http-nio-8081-exec-371] o.s.s.w.a.AnonymousAuthenticationFilter - Set SecurityContextHolder to anonymous SecurityContext
2025-10-24 13:12:02.038 DEBUG [http-nio-8081-exec-371] o.s.s.w.a.Http403ForbiddenEntryPoint - Pre-authenticated entry point called. Rejecting access
2025-10-24 13:12:02.041 DEBUG [http-nio-8081-exec-368] o.s.s.w.a.AnonymousAuthenticationFilter - Set SecurityContextHolder to anonymous SecurityContext
2025-10-24 13:12:01.902 DEBUG [http-nio-8081-exec-265] o.s.s.w.a.AnonymousAuthenticationFilter - Set SecurityContextHolder to anonymous SecurityContext
2025-10-24 13:12:02.045 DEBUG [http-nio-8081-exec-265] o.s.s.w.a.Http403ForbiddenEntryPoint - Pre-authenticated entry point called. Rejecting access
2025-10-24 13:12:02.046 DEBUG [http-nio-8081-exec-265] o.s.security.web.FilterChainProxy - Securing GET /error
2025-10-24 13:12:02.046 DEBUG [http-nio-8081-exec-265] o.s.s.w.a.AnonymousAuthenticationFilter - Set SecurityContextHolder to anonymous SecurityContext
2025-10-24 13:12:02.046 DEBUG [http-nio-8081-exec-265] o.s.s.w.a.Http403ForbiddenEntryPoint - Pre-authenticated entry point called. Rejecting access
2025-10-24 13:12:02.036 DEBUG [http-nio-8081-exec-353] o.s.s.w.a.Http403ForbiddenEntryPoint - Pre-authenticated entry point called. Rejecting access
2025-10-24 13:12:01.904 DEBUG [http-nio-8081-exec-369] o.s.security.web.FilterChainProxy - Securing GET /error
2025-10-24 13:12:01.930 DEBUG [http-nio-8081-exec-380] o.s.s.w.a.Http403ForbiddenEntryPoint - Pre-authenticated entry point called. Rejecting access
2025-10-24 13:12:02.049 DEBUG [http-nio-8081-exec-369] o.s.s.w.a.AnonymousAuthenticationFilter - Set SecurityContextHolder to anonymous SecurityContext
2025-10-24 13:12:02.049 DEBUG [http-nio-8081-exec-380] o.s.security.web.FilterChainProxy - Securing GET /error
2025-10-24 13:12:01.932 DEBUG [http-nio-8081-exec-257] o.s.security.web.FilterChainProxy - Securing GET /error
2025-10-24 13:12:02.050 DEBUG [http-nio-8081-exec-257] o.s.s.w.a.AnonymousAuthenticationFilter - Set SecurityContextHolder to anonymous SecurityContext
2025-10-24 13:12:01.978 DEBUG [http-nio-8081-exec-323] o.s.s.w.a.Http403ForbiddenEntryPoint - Pre-authenticated entry point called. Rejecting access
2025-10-24 13:12:02.050 DEBUG [http-nio-8081-exec-257] o.s.s.w.a.Http403ForbiddenEntryPoint - Pre-authenticated entry point called. Rejecting access
2025-10-24 13:12:01.993 DEBUG [http-nio-8081-exec-215] o.s.security.web.FilterChainProxy - Securing GET /error
2025-10-24 13:12:02.050 DEBUG [http-nio-8081-exec-380] o.s.s.w.a.AnonymousAuthenticationFilter - Set SecurityContextHolder to anonymous SecurityContext
2025-10-24 13:12:01.932 DEBUG [http-nio-8081-exec-251] o.s.security.web.FilterChainProxy - Securing GET /error
2025-10-24 13:12:02.052 DEBUG [http-nio-8081-exec-380] o.s.s.w.a.Http403ForbiddenEntryPoint - Pre-authenticated entry point called. Rejecting access
2025-10-24 13:12:02.052 DEBUG [http-nio-8081-exec-215] o.s.s.w.a.AnonymousAuthenticationFilter - Set SecurityContextHolder to anonymous SecurityContext
2025-10-24 13:12:02.053 DEBUG [http-nio-8081-exec-215] o.s.s.w.a.Http403ForbiddenEntryPoint - Pre-authenticated entry point called. Rejecting access
2025-10-24 13:12:02.053 DEBUG [http-nio-8081-exec-251] o.s.s.w.a.AnonymousAuthenticationFilter - Set SecurityContextHolder to anonymous SecurityContext
2025-10-24 13:12:02.053 DEBUG [http-nio-8081-exec-251] o.s.s.w.a.Http403ForbiddenEntryPoint - Pre-authenticated entry point called. Rejecting access
2025-10-24 13:12:02.008 DEBUG [http-nio-8081-exec-205] o.s.security.web.FilterChainProxy - Securing GET /:undefined
2025-10-24 13:12:02.024 DEBUG [http-nio-8081-exec-71] o.s.security.web.FilterChainProxy - Securing GET /error
2025-10-24 13:12:02.054 DEBUG [http-nio-8081-exec-71] o.s.s.w.a.AnonymousAuthenticationFilter - Set SecurityContextHolder to anonymous SecurityContext
2025-10-24 13:12:02.054 DEBUG [http-nio-8081-exec-71] o.s.s.w.a.Http403ForbiddenEntryPoint - Pre-authenticated entry point called. Rejecting access
2025-10-24 13:12:02.054 DEBUG [http-nio-8081-exec-205] u.s.security.JwtAuthenticationFilter - No Authorization header or invalid format, proceeding without authentication
2025-10-24 13:12:02.054 DEBUG [http-nio-8081-exec-205] o.s.s.w.a.AnonymousAuthenticationFilter - Set SecurityContextHolder to anonymous SecurityContext
2025-10-24 13:12:02.054 DEBUG [http-nio-8081-exec-205] o.s.s.w.a.Http403ForbiddenEntryPoint - Pre-authenticated entry point called. Rejecting access
2025-10-24 13:12:02.056 DEBUG [http-nio-8081-exec-205] o.s.security.web.FilterChainProxy - Securing GET /error
2025-10-24 13:12:02.056 DEBUG [http-nio-8081-exec-205] o.s.s.w.a.AnonymousAuthenticationFilter - Set SecurityContextHolder to anonymous SecurityContext
2025-10-24 13:12:02.050 DEBUG [http-nio-8081-exec-369] o.s.s.w.a.Http403ForbiddenEntryPoint - Pre-authenticated entry point called. Rejecting access
2025-10-24 13:12:02.056 DEBUG [http-nio-8081-exec-205] o.s.s.w.a.Http403ForbiddenEntryPoint - Pre-authenticated entry point called. Rejecting access
2025-10-24 13:12:02.050 DEBUG [http-nio-8081-exec-368] o.s.s.w.a.Http403ForbiddenEntryPoint - Pre-authenticated entry point called. Rejecting access
2025-10-24 13:12:02.060 DEBUG [http-nio-8081-exec-216] o.s.security.web.FilterChainProxy - Securing GET /:undefined
2025-10-24 13:12:02.060 DEBUG [http-nio-8081-exec-216] u.s.security.JwtAuthenticationFilter - No Authorization header or invalid format, proceeding without authentication
2025-10-24 13:12:02.060 DEBUG [http-nio-8081-exec-216] o.s.s.w.a.AnonymousAuthenticationFilter - Set SecurityContextHolder to anonymous SecurityContext
2025-10-24 13:12:02.061 DEBUG [http-nio-8081-exec-216] o.s.s.w.a.Http403ForbiddenEntryPoint - Pre-authenticated entry point called. Rejecting access
2025-10-24 13:12:02.063 DEBUG [http-nio-8081-exec-216] o.s.security.web.FilterChainProxy - Securing GET /error
2025-10-24 13:12:02.063 DEBUG [http-nio-8081-exec-216] o.s.s.w.a.AnonymousAuthenticationFilter - Set SecurityContextHolder to anonymous SecurityContext
2025-10-24 13:12:02.063 DEBUG [http-nio-8081-exec-216] o.s.s.w.a.Http403ForbiddenEntryPoint - Pre-authenticated entry point called. Rejecting access
2025-10-24 13:12:02.106 DEBUG [http-nio-8081-exec-221] o.s.security.web.FilterChainProxy - Securing GET /:undefined
2025-10-24 13:12:02.106 DEBUG [http-nio-8081-exec-221] u.s.security.JwtAuthenticationFilter - No Authorization header or invalid format, proceeding without authentication
2025-10-24 13:12:02.106 DEBUG [http-nio-8081-exec-221] o.s.s.w.a.AnonymousAuthenticationFilter - Set SecurityContextHolder to anonymous SecurityContext
2025-10-24 13:12:02.107 DEBUG [http-nio-8081-exec-221] o.s.s.w.a.Http403ForbiddenEntryPoint - Pre-authenticated entry point called. Rejecting access
2025-10-24 13:12:02.107 DEBUG [http-nio-8081-exec-221] o.s.security.web.FilterChainProxy - Securing GET /error
2025-10-24 13:12:02.108 DEBUG [http-nio-8081-exec-221] o.s.s.w.a.AnonymousAuthenticationFilter - Set SecurityContextHolder to anonymous SecurityContext
2025-10-24 13:12:02.108 DEBUG [http-nio-8081-exec-221] o.s.s.w.a.Http403ForbiddenEntryPoint - Pre-authenticated entry point called. Rejecting access
2025-10-24 13:12:02.125 DEBUG [http-nio-8081-exec-201] o.s.security.web.FilterChainProxy - Securing GET /:undefined
2025-10-24 13:12:02.125 DEBUG [http-nio-8081-exec-201] u.s.security.JwtAuthenticationFilter - No Authorization header or invalid format, proceeding without authentication
2025-10-24 13:12:02.125 DEBUG [http-nio-8081-exec-201] o.s.s.w.a.AnonymousAuthenticationFilter - Set SecurityContextHolder to anonymous SecurityContext
2025-10-24 13:12:02.126 DEBUG [http-nio-8081-exec-201] o.s.s.w.a.Http403ForbiddenEntryPoint - Pre-authenticated entry point called. Rejecting access
2025-10-24 13:12:02.126 DEBUG [http-nio-8081-exec-201] o.s.security.web.FilterChainProxy - Securing GET /error
2025-10-24 13:12:02.127 DEBUG [http-nio-8081-exec-201] o.s.s.w.a.AnonymousAuthenticationFilter - Set SecurityContextHolder to anonymous SecurityContext
2025-10-24 13:12:02.127 DEBUG [http-nio-8081-exec-201] o.s.s.w.a.Http403ForbiddenEntryPoint - Pre-authenticated entry point called. Rejecting access
2025-10-24 13:12:02.143 DEBUG [http-nio-8081-exec-220] o.s.security.web.FilterChainProxy - Securing GET /
2025-10-24 13:12:02.143 DEBUG [http-nio-8081-exec-220] u.s.security.JwtAuthenticationFilter - No Authorization header or invalid format, proceeding without authentication
2025-10-24 13:12:02.143 DEBUG [http-nio-8081-exec-220] o.s.s.w.a.AnonymousAuthenticationFilter - Set SecurityContextHolder to anonymous SecurityContext
2025-10-24 13:12:02.144 DEBUG [http-nio-8081-exec-220] o.s.s.w.a.Http403ForbiddenEntryPoint - Pre-authenticated entry point called. Rejecting access
2025-10-24 13:12:02.146 DEBUG [http-nio-8081-exec-220] o.s.security.web.FilterChainProxy - Securing GET /error
2025-10-24 13:12:02.146 DEBUG [http-nio-8081-exec-220] o.s.s.w.a.AnonymousAuthenticationFilter - Set SecurityContextHolder to anonymous SecurityContext
2025-10-24 13:12:02.146 DEBUG [http-nio-8081-exec-220] o.s.s.w.a.Http403ForbiddenEntryPoint - Pre-authenticated entry point called. Rejecting access
2025-10-24 13:12:02.156 DEBUG [http-nio-8081-exec-203] o.s.security.web.FilterChainProxy - Securing GET /
2025-10-24 13:12:02.156 DEBUG [http-nio-8081-exec-203] u.s.security.JwtAuthenticationFilter - No Authorization header or invalid format, proceeding without authentication
2025-10-24 13:12:02.158 DEBUG [http-nio-8081-exec-203] o.s.s.w.a.AnonymousAuthenticationFilter - Set SecurityContextHolder to anonymous SecurityContext
2025-10-24 13:12:02.158 DEBUG [http-nio-8081-exec-203] o.s.s.w.a.Http403ForbiddenEntryPoint - Pre-authenticated entry point called. Rejecting access
2025-10-24 13:12:02.159 DEBUG [http-nio-8081-exec-203] o.s.security.web.FilterChainProxy - Securing GET /error
2025-10-24 13:12:02.159 DEBUG [http-nio-8081-exec-203] o.s.s.w.a.AnonymousAuthenticationFilter - Set SecurityContextHolder to anonymous SecurityContext
2025-10-24 13:12:02.159 DEBUG [http-nio-8081-exec-203] o.s.s.w.a.Http403ForbiddenEntryPoint - Pre-authenticated entry point called. Rejecting access
2025-10-24 13:12:02.174 DEBUG [http-nio-8081-exec-212] o.s.security.web.FilterChainProxy - Securing GET /
2025-10-24 13:12:02.175 DEBUG [http-nio-8081-exec-212] u.s.security.JwtAuthenticationFilter - No Authorization header or invalid format, proceeding without authentication
2025-10-24 13:12:02.175 DEBUG [http-nio-8081-exec-212] o.s.s.w.a.AnonymousAuthenticationFilter - Set SecurityContextHolder to anonymous SecurityContext
2025-10-24 13:12:02.175 DEBUG [http-nio-8081-exec-212] o.s.s.w.a.Http403ForbiddenEntryPoint - Pre-authenticated entry point called. Rejecting access
2025-10-24 13:12:02.177 DEBUG [http-nio-8081-exec-212] o.s.security.web.FilterChainProxy - Securing GET /error
2025-10-24 13:12:02.179 DEBUG [http-nio-8081-exec-212] o.s.s.w.a.AnonymousAuthenticationFilter - Set SecurityContextHolder to anonymous SecurityContext
2025-10-24 13:12:02.179 DEBUG [http-nio-8081-exec-212] o.s.s.w.a.Http403ForbiddenEntryPoint - Pre-authenticated entry point called. Rejecting access
2025-10-24 13:12:02.188 DEBUG [http-nio-8081-exec-97] o.s.security.web.FilterChainProxy - Securing GET /:undefined
2025-10-24 13:12:02.188 DEBUG [http-nio-8081-exec-38] o.s.security.web.FilterChainProxy - Securing GET /:undefined
2025-10-24 13:12:02.188 DEBUG [http-nio-8081-exec-97] u.s.security.JwtAuthenticationFilter - No Authorization header or invalid format, proceeding without authentication
2025-10-24 13:12:02.188 DEBUG [http-nio-8081-exec-38] u.s.security.JwtAuthenticationFilter - No Authorization header or invalid format, proceeding without authentication
2025-10-24 13:12:02.188 DEBUG [http-nio-8081-exec-97] o.s.s.w.a.AnonymousAuthenticationFilter - Set SecurityContextHolder to anonymous SecurityContext
2025-10-24 13:12:02.188 DEBUG [http-nio-8081-exec-38] o.s.s.w.a.AnonymousAuthenticationFilter - Set SecurityContextHolder to anonymous SecurityContext
2025-10-24 13:12:02.188 DEBUG [http-nio-8081-exec-97] o.s.s.w.a.Http403ForbiddenEntryPoint - Pre-authenticated entry point called. Rejecting access
2025-10-24 13:12:02.188 DEBUG [http-nio-8081-exec-38] o.s.s.w.a.Http403ForbiddenEntryPoint - Pre-authenticated entry point called. Rejecting access
2025-10-24 13:12:02.188 DEBUG [http-nio-8081-exec-38] o.s.security.web.FilterChainProxy - Securing GET /error
2025-10-24 13:12:02.188 DEBUG [http-nio-8081-exec-97] o.s.security.web.FilterChainProxy - Securing GET /error
2025-10-24 13:12:02.188 DEBUG [http-nio-8081-exec-38] o.s.s.w.a.AnonymousAuthenticationFilter - Set SecurityContextHolder to anonymous SecurityContext
2025-10-24 13:12:02.188 DEBUG [http-nio-8081-exec-97] o.s.s.w.a.AnonymousAuthenticationFilter - Set SecurityContextHolder to anonymous SecurityContext
2025-10-24 13:12:02.188 DEBUG [http-nio-8081-exec-38] o.s.s.w.a.Http403ForbiddenEntryPoint - Pre-authenticated entry point called. Rejecting access
2025-10-24 13:12:02.188 DEBUG [http-nio-8081-exec-97] o.s.s.w.a.Http403ForbiddenEntryPoint - Pre-authenticated entry point called. Rejecting access
2025-10-24 13:12:02.213 DEBUG [http-nio-8081-exec-10] o.s.security.web.FilterChainProxy - Securing GET /
2025-10-24 13:12:02.213 DEBUG [http-nio-8081-exec-10] u.s.security.JwtAuthenticationFilter - No Authorization header or invalid format, proceeding without authentication
2025-10-24 13:12:02.213 DEBUG [http-nio-8081-exec-10] o.s.s.w.a.AnonymousAuthenticationFilter - Set SecurityContextHolder to anonymous SecurityContext
2025-10-24 13:12:02.214 DEBUG [http-nio-8081-exec-10] o.s.s.w.a.Http403ForbiddenEntryPoint - Pre-authenticated entry point called. Rejecting access
2025-10-24 13:12:02.214 DEBUG [http-nio-8081-exec-10] o.s.security.web.FilterChainProxy - Securing GET /error
2025-10-24 13:12:02.214 DEBUG [http-nio-8081-exec-10] o.s.s.w.a.AnonymousAuthenticationFilter - Set SecurityContextHolder to anonymous SecurityContext
2025-10-24 13:12:02.215 DEBUG [http-nio-8081-exec-10] o.s.s.w.a.Http403ForbiddenEntryPoint - Pre-authenticated entry point called. Rejecting access
2025-10-24 13:12:02.216 DEBUG [http-nio-8081-exec-218] o.s.security.web.FilterChainProxy - Securing GET /
2025-10-24 13:12:02.217 DEBUG [http-nio-8081-exec-218] u.s.security.JwtAuthenticationFilter - No Authorization header or invalid format, proceeding without authentication
2025-10-24 13:12:02.216 DEBUG [http-nio-8081-exec-10] o.s.security.web.FilterChainProxy - Securing GET /:undefined
2025-10-24 13:12:02.217 DEBUG [http-nio-8081-exec-218] o.s.s.w.a.AnonymousAuthenticationFilter - Set SecurityContextHolder to anonymous SecurityContext
2025-10-24 13:12:02.217 DEBUG [http-nio-8081-exec-10] u.s.security.JwtAuthenticationFilter - No Authorization header or invalid format, proceeding without authentication
2025-10-24 13:12:02.217 DEBUG [http-nio-8081-exec-10] o.s.s.w.a.AnonymousAuthenticationFilter - Set SecurityContextHolder to anonymous SecurityContext
2025-10-24 13:12:02.217 DEBUG [http-nio-8081-exec-10] o.s.s.w.a.Http403ForbiddenEntryPoint - Pre-authenticated entry point called. Rejecting access
2025-10-24 13:12:02.217 DEBUG [http-nio-8081-exec-218] o.s.s.w.a.Http403ForbiddenEntryPoint - Pre-authenticated entry point called. Rejecting access
2025-10-24 13:12:02.217 DEBUG [http-nio-8081-exec-10] o.s.security.web.FilterChainProxy - Securing GET /error
2025-10-24 13:12:02.217 DEBUG [http-nio-8081-exec-218] o.s.security.web.FilterChainProxy - Securing GET /error
2025-10-24 13:12:02.218 DEBUG [http-nio-8081-exec-218] o.s.s.w.a.AnonymousAuthenticationFilter - Set SecurityContextHolder to anonymous SecurityContext
2025-10-24 13:12:02.218 DEBUG [http-nio-8081-exec-218] o.s.s.w.a.Http403ForbiddenEntryPoint - Pre-authenticated entry point called. Rejecting access
2025-10-24 13:12:02.218 DEBUG [http-nio-8081-exec-10] o.s.s.w.a.AnonymousAuthenticationFilter - Set SecurityContextHolder to anonymous SecurityContext
2025-10-24 13:12:02.219 DEBUG [http-nio-8081-exec-10] o.s.s.w.a.Http403ForbiddenEntryPoint - Pre-authenticated entry point called. Rejecting access
2025-10-24 13:12:02.251 DEBUG [http-nio-8081-exec-175] o.s.security.web.FilterChainProxy - Securing GET /:undefined
2025-10-24 13:12:02.251 DEBUG [http-nio-8081-exec-175] u.s.security.JwtAuthenticationFilter - No Authorization header or invalid format, proceeding without authentication
2025-10-24 13:12:02.251 DEBUG [http-nio-8081-exec-175] o.s.s.w.a.AnonymousAuthenticationFilter - Set SecurityContextHolder to anonymous SecurityContext
2025-10-24 13:12:02.251 DEBUG [http-nio-8081-exec-175] o.s.s.w.a.Http403ForbiddenEntryPoint - Pre-authenticated entry point called. Rejecting access
2025-10-24 13:12:02.253 DEBUG [http-nio-8081-exec-175] o.s.security.web.FilterChainProxy - Securing GET /error
2025-10-24 13:12:02.253 DEBUG [http-nio-8081-exec-175] o.s.s.w.a.AnonymousAuthenticationFilter - Set SecurityContextHolder to anonymous SecurityContext
2025-10-24 13:12:02.253 DEBUG [http-nio-8081-exec-175] o.s.s.w.a.Http403ForbiddenEntryPoint - Pre-authenticated entry point called. Rejecting access
2025-10-24 13:12:02.255 DEBUG [http-nio-8081-exec-175] o.s.security.web.FilterChainProxy - Securing GET /:undefined
2025-10-24 13:12:02.256 DEBUG [http-nio-8081-exec-175] u.s.security.JwtAuthenticationFilter - No Authorization header or invalid format, proceeding without authentication
2025-10-24 13:12:02.256 DEBUG [http-nio-8081-exec-175] o.s.s.w.a.AnonymousAuthenticationFilter - Set SecurityContextHolder to anonymous SecurityContext
2025-10-24 13:12:02.256 DEBUG [http-nio-8081-exec-175] o.s.s.w.a.Http403ForbiddenEntryPoint - Pre-authenticated entry point called. Rejecting access
2025-10-24 13:12:02.256 DEBUG [http-nio-8081-exec-175] o.s.security.web.FilterChainProxy - Securing GET /error
2025-10-24 13:12:02.256 DEBUG [http-nio-8081-exec-175] o.s.s.w.a.AnonymousAuthenticationFilter - Set SecurityContextHolder to anonymous SecurityContext
2025-10-24 13:12:02.256 DEBUG [http-nio-8081-exec-175] o.s.s.w.a.Http403ForbiddenEntryPoint - Pre-authenticated entry point called. Rejecting access
2025-10-24 13:12:02.271 DEBUG [http-nio-8081-exec-232] o.s.security.web.FilterChainProxy - Securing GET /
2025-10-24 13:12:02.271 DEBUG [http-nio-8081-exec-232] u.s.security.JwtAuthenticationFilter - No Authorization header or invalid format, proceeding without authentication
2025-10-24 13:12:02.271 DEBUG [http-nio-8081-exec-232] o.s.s.w.a.AnonymousAuthenticationFilter - Set SecurityContextHolder to anonymous SecurityContext
2025-10-24 13:12:02.273 DEBUG [http-nio-8081-exec-232] o.s.s.w.a.Http403ForbiddenEntryPoint - Pre-authenticated entry point called. Rejecting access
2025-10-24 13:12:02.273 DEBUG [http-nio-8081-exec-232] o.s.security.web.FilterChainProxy - Securing GET /error
2025-10-24 13:12:02.273 DEBUG [http-nio-8081-exec-232] o.s.s.w.a.AnonymousAuthenticationFilter - Set SecurityContextHolder to anonymous SecurityContext
2025-10-24 13:12:02.273 DEBUG [http-nio-8081-exec-232] o.s.s.w.a.Http403ForbiddenEntryPoint - Pre-authenticated entry point called. Rejecting access
2025-10-24 13:12:02.296 DEBUG [http-nio-8081-exec-237] o.s.security.web.FilterChainProxy - Securing GET /:undefined
2025-10-24 13:12:02.296 DEBUG [http-nio-8081-exec-237] u.s.security.JwtAuthenticationFilter - No Authorization header or invalid format, proceeding without authentication
2025-10-24 13:12:02.296 DEBUG [http-nio-8081-exec-237] o.s.s.w.a.AnonymousAuthenticationFilter - Set SecurityContextHolder to anonymous SecurityContext
2025-10-24 13:12:02.297 DEBUG [http-nio-8081-exec-237] o.s.s.w.a.Http403ForbiddenEntryPoint - Pre-authenticated entry point called. Rejecting access
2025-10-24 13:12:02.297 DEBUG [http-nio-8081-exec-237] o.s.security.web.FilterChainProxy - Securing GET /error
2025-10-24 13:12:02.297 DEBUG [http-nio-8081-exec-237] o.s.s.w.a.AnonymousAuthenticationFilter - Set SecurityContextHolder to anonymous SecurityContext
2025-10-24 13:12:02.297 DEBUG [http-nio-8081-exec-237] o.s.s.w.a.Http403ForbiddenEntryPoint - Pre-authenticated entry point called. Rejecting access
2025-10-24 13:12:02.307 DEBUG [http-nio-8081-exec-234] o.s.security.web.FilterChainProxy - Securing GET /
2025-10-24 13:12:02.307 DEBUG [http-nio-8081-exec-234] u.s.security.JwtAuthenticationFilter - No Authorization header or invalid format, proceeding without authentication
2025-10-24 13:12:02.307 DEBUG [http-nio-8081-exec-234] o.s.s.w.a.AnonymousAuthenticationFilter - Set SecurityContextHolder to anonymous SecurityContext
2025-10-24 13:12:02.308 DEBUG [http-nio-8081-exec-234] o.s.s.w.a.Http403ForbiddenEntryPoint - Pre-authenticated entry point called. Rejecting access
2025-10-24 13:12:02.308 DEBUG [http-nio-8081-exec-234] o.s.security.web.FilterChainProxy - Securing GET /error
2025-10-24 13:12:02.308 DEBUG [http-nio-8081-exec-234] o.s.s.w.a.AnonymousAuthenticationFilter - Set SecurityContextHolder to anonymous SecurityContext
2025-10-24 13:12:02.308 DEBUG [http-nio-8081-exec-234] o.s.s.w.a.Http403ForbiddenEntryPoint - Pre-authenticated entry point called. Rejecting access
2025-10-24 13:12:02.339 DEBUG [http-nio-8081-exec-241] o.s.security.web.FilterChainProxy - Securing GET /:undefined
2025-10-24 13:12:02.339 DEBUG [http-nio-8081-exec-241] u.s.security.JwtAuthenticationFilter - No Authorization header or invalid format, proceeding without authentication
2025-10-24 13:12:02.339 DEBUG [http-nio-8081-exec-241] o.s.s.w.a.AnonymousAuthenticationFilter - Set SecurityContextHolder to anonymous SecurityContext
2025-10-24 13:12:02.339 DEBUG [http-nio-8081-exec-241] o.s.s.w.a.Http403ForbiddenEntryPoint - Pre-authenticated entry point called. Rejecting access
2025-10-24 13:12:02.340 DEBUG [http-nio-8081-exec-241] o.s.security.web.FilterChainProxy - Securing GET /error
2025-10-24 13:12:02.340 DEBUG [http-nio-8081-exec-241] o.s.s.w.a.AnonymousAuthenticationFilter - Set SecurityContextHolder to anonymous SecurityContext
2025-10-24 13:12:02.340 DEBUG [http-nio-8081-exec-241] o.s.s.w.a.Http403ForbiddenEntryPoint - Pre-authenticated entry point called. Rejecting access
2025-10-24 13:12:02.425 DEBUG [http-nio-8081-exec-252] o.s.security.web.FilterChainProxy - Securing GET /
2025-10-24 13:12:02.425 DEBUG [http-nio-8081-exec-252] u.s.security.JwtAuthenticationFilter - No Authorization header or invalid format, proceeding without authentication
2025-10-24 13:12:02.425 DEBUG [http-nio-8081-exec-252] o.s.s.w.a.AnonymousAuthenticationFilter - Set SecurityContextHolder to anonymous SecurityContext
2025-10-24 13:12:02.426 DEBUG [http-nio-8081-exec-252] o.s.s.w.a.Http403ForbiddenEntryPoint - Pre-authenticated entry point called. Rejecting access
2025-10-24 13:12:02.426 DEBUG [http-nio-8081-exec-252] o.s.security.web.FilterChainProxy - Securing GET /error
2025-10-24 13:12:02.426 DEBUG [http-nio-8081-exec-252] o.s.s.w.a.AnonymousAuthenticationFilter - Set SecurityContextHolder to anonymous SecurityContext
2025-10-24 13:12:02.426 DEBUG [http-nio-8081-exec-252] o.s.s.w.a.Http403ForbiddenEntryPoint - Pre-authenticated entry point called. Rejecting access
2025-10-24 13:12:02.445 DEBUG [http-nio-8081-exec-256] o.s.security.web.FilterChainProxy - Securing GET /cgi-bin/
2025-10-24 13:12:02.446 DEBUG [http-nio-8081-exec-256] u.s.security.JwtAuthenticationFilter - No Authorization header or invalid format, proceeding without authentication
2025-10-24 13:12:02.446 DEBUG [http-nio-8081-exec-256] o.s.s.w.a.AnonymousAuthenticationFilter - Set SecurityContextHolder to anonymous SecurityContext
2025-10-24 13:12:02.446 DEBUG [http-nio-8081-exec-256] o.s.s.w.a.Http403ForbiddenEntryPoint - Pre-authenticated entry point called. Rejecting access
2025-10-24 13:12:02.447 DEBUG [http-nio-8081-exec-256] o.s.security.web.FilterChainProxy - Securing GET /error
2025-10-24 13:12:02.447 DEBUG [http-nio-8081-exec-256] o.s.s.w.a.AnonymousAuthenticationFilter - Set SecurityContextHolder to anonymous SecurityContext
2025-10-24 13:12:02.447 DEBUG [http-nio-8081-exec-256] o.s.s.w.a.Http403ForbiddenEntryPoint - Pre-authenticated entry point called. Rejecting access
2025-10-24 13:12:03.036 INFO  [http-nio-8081-exec-264] o.a.coyote.http11.Http11Processor - Error parsing HTTP request header
 Note: further occurrences of HTTP request parsing errors will be logged at DEBUG level.
java.lang.IllegalArgumentException: Invalid character found in the request target [/?x=${jndi:dns://MDEDiscovery2d7ebdf2dfxParam-8081} ]. The valid characters are defined in RFC 7230 and RFC 3986
	at org.apache.coyote.http11.Http11InputBuffer.parseRequestLine(Http11InputBuffer.java:478) ~[tomcat-embed-core-10.1.46.jar:10.1.46]
	at org.apache.coyote.http11.Http11Processor.service(Http11Processor.java:271) ~[tomcat-embed-core-10.1.46.jar:10.1.46]
	at org.apache.coyote.AbstractProcessorLight.process(AbstractProcessorLight.java:63) ~[tomcat-embed-core-10.1.46.jar:10.1.46]
	at org.apache.coyote.AbstractProtocol$ConnectionHandler.process(AbstractProtocol.java:903) ~[tomcat-embed-core-10.1.46.jar:10.1.46]
	at org.apache.tomcat.util.net.NioEndpoint$SocketProcessor.doRun(NioEndpoint.java:1776) ~[tomcat-embed-core-10.1.46.jar:10.1.46]
	at org.apache.tomcat.util.net.SocketProcessorBase.run(SocketProcessorBase.java:52) ~[tomcat-embed-core-10.1.46.jar:10.1.46]
	at org.apache.tomcat.util.threads.ThreadPoolExecutor.runWorker(ThreadPoolExecutor.java:975) ~[tomcat-embed-core-10.1.46.jar:10.1.46]
	at org.apache.tomcat.util.threads.ThreadPoolExecutor$Worker.run(ThreadPoolExecutor.java:493) ~[tomcat-embed-core-10.1.46.jar:10.1.46]
	at org.apache.tomcat.util.threads.TaskThread$WrappingRunnable.run(TaskThread.java:63) ~[tomcat-embed-core-10.1.46.jar:10.1.46]
	at java.base/java.lang.Thread.run(Thread.java:1583) ~[na:na]
2025-10-24 13:12:03.328 DEBUG [http-nio-8081-exec-263] o.s.security.web.FilterChainProxy - Securing POST /
2025-10-24 13:12:03.329 DEBUG [http-nio-8081-exec-263] u.s.security.JwtAuthenticationFilter - No Authorization header or invalid format, proceeding without authentication
2025-10-24 13:12:03.329 DEBUG [http-nio-8081-exec-263] o.s.s.w.a.AnonymousAuthenticationFilter - Set SecurityContextHolder to anonymous SecurityContext
2025-10-24 13:12:03.329 DEBUG [http-nio-8081-exec-263] o.s.s.w.a.Http403ForbiddenEntryPoint - Pre-authenticated entry point called. Rejecting access
2025-10-24 13:12:03.329 DEBUG [http-nio-8081-exec-263] o.s.security.web.FilterChainProxy - Securing POST /error
2025-10-24 13:12:03.329 DEBUG [http-nio-8081-exec-263] o.s.s.w.a.AnonymousAuthenticationFilter - Set SecurityContextHolder to anonymous SecurityContext
2025-10-24 13:12:03.329 DEBUG [http-nio-8081-exec-263] o.s.s.w.a.Http403ForbiddenEntryPoint - Pre-authenticated entry point called. Rejecting access
2025-10-24 13:12:03.450 DEBUG [http-nio-8081-exec-255] o.s.security.web.FilterChainProxy - Securing GET /
2025-10-24 13:12:03.450 DEBUG [http-nio-8081-exec-255] u.s.security.JwtAuthenticationFilter - No Authorization header or invalid format, proceeding without authentication
2025-10-24 13:12:03.450 DEBUG [http-nio-8081-exec-255] o.s.s.w.a.AnonymousAuthenticationFilter - Set SecurityContextHolder to anonymous SecurityContext
2025-10-24 13:12:03.452 DEBUG [http-nio-8081-exec-255] o.s.s.w.s.SessionManagementFilter - Request requested invalid session id ${jndi:dns://MDEDiscovery2d7ebdf2dfGenericCookie-8081}
2025-10-24 13:12:03.452 DEBUG [http-nio-8081-exec-255] o.s.s.w.a.Http403ForbiddenEntryPoint - Pre-authenticated entry point called. Rejecting access
2025-10-24 13:12:03.453 DEBUG [http-nio-8081-exec-255] o.s.security.web.FilterChainProxy - Securing GET /error
2025-10-24 13:12:03.453 DEBUG [http-nio-8081-exec-255] o.s.s.w.a.AnonymousAuthenticationFilter - Set SecurityContextHolder to anonymous SecurityContext
2025-10-24 13:12:03.454 DEBUG [http-nio-8081-exec-255] o.s.s.w.a.Http403ForbiddenEntryPoint - Pre-authenticated entry point called. Rejecting access
2025-10-24 14:46:06.145 WARN  [HikariPool-1:housekeeper] com.zaxxer.hikari.pool.HikariPool - HikariPool-1 - Thread starvation or clock leap detected (housekeeper delta=1h20m2s307ms238µs500ns).
2025-10-24 19:21:17.836 WARN  [HikariPool-1:housekeeper] com.zaxxer.hikari.pool.HikariPool - HikariPool-1 - Thread starvation or clock leap detected (housekeeper delta=3h25m15s495ms170µs100ns).
2025-10-24 20:01:56.546 WARN  [HikariPool-1:housekeeper] com.zaxxer.hikari.pool.HikariPool - HikariPool-1 - Thread starvation or clock leap detected (housekeeper delta=38m8s678ms94µs).
2025-10-24 20:04:28.055 WARN  [HikariPool-1:housekeeper] com.zaxxer.hikari.pool.HikariPool - HikariPool-1 - Thread starvation or clock leap detected (housekeeper delta=2m36s954ms741µs).
2025-10-24 23:19:52.714 WARN  [HikariPool-1:housekeeper] com.zaxxer.hikari.pool.HikariPool - HikariPool-1 - Thread starvation or clock leap detected (housekeeper delta=3h13m29s870ms794µs100ns).
2025-10-24 23:28:02.717 WARN  [HikariPool-1:housekeeper] com.zaxxer.hikari.pool.HikariPool - HikariPool-1 - Thread starvation or clock leap detected (housekeeper delta=1m15s10ms143µs800ns).
